{
"type": "FeatureCollection",
"name": "ocurrencias_miraflores_flora_20260817",
"crs": { "type": "name", "properties": { "name": "urn:ogc:def:crs:OGC:1.3:CRS84" } },
"features": [
{ "type": "Feature", "properties": { "scientificName": "Lonicera japonica Thunb.", "decimalLatitude": -12.113445, "decimalLongitude": -77.030906, "eventDate": "2026-01-17T20:29", "taxonRank": "SPECIES", "kingdom": "Plantae", "phylum": "Tracheophyta", "class": "Magnoliopsida", "order": "Dipsacales", "family": "Caprifoliaceae", "genus": "Lonicera", "species": "Lonicera japonica", "recordedBy": "David Valenzuela", "coordinateUncertaintyInMeters": 537.0, "source": "GBIF", "district": "MIRAFLORES" }, "geometry": { "type": "Point", "coordinates": [ -77.030906, -12.113445 ] } },
{ "type": "Feature", "properties": { "scientificName": "Schinus terebinthifolia Raddi", "decimalLatitude": -12.126984, "decimalLongitude": -77.033815, "eventDate": "2026-01-17T03:25", "taxonRank": "SPECIES", "kingdom": "Plantae", "phylum": "Tracheophyta", "class": "Magnoliopsida", "order": "Sapindales", "family": "Anacardiaceae", "genus": "Schinus", "species": "Schinus terebinthifolia", "recordedBy": "David Valenzuela", "coordinateUncertaintyInMeters": 425.0, "source": "GBIF", "district": "MIRAFLORES" }, "geometry": { "type": "Point", "coordinates": [ -77.033815, -12.126984 ] } },
{ "type": "Feature", "properties": { "scientificName": "Physalis peruviana L.", "decimalLatitude": -12.119107, "decimalLongitude": -77.040148, "eventDate": "2026-02-06T15:22:11", "taxonRank": "SPECIES", "kingdom": "Plantae", "phylum": "Tracheophyta", "class": "Magnoliopsida", "order": "Solanales", "family": "Solanaceae", "genus": "Physalis", "species": "Physalis peruviana", "recordedBy": "jocean", "coordinateUncertaintyInMeters": 6.0, "source": "GBIF", "district": "MIRAFLORES" }, "geometry": { "type": "Point", "coordinates": [ -77.040148, -12.119107 ] } },
{ "type": "Feature", "properties": { "scientificName": "Datura stramonium L.", "decimalLatitude": -12.111029, "decimalLongitude": -77.043236, "eventDate": "2026-02-06T15:40:46", "taxonRank": "SPECIES", "kingdom": "Plantae", "phylum": "Tracheophyta", "class": "Magnoliopsida", "order": "Solanales", "family": "Solanaceae", "genus": "Datura", "species": "Datura stramonium", "recordedBy": "jocean", "coordinateUncertaintyInMeters": 6.0, "source": "GBIF", "district": "MIRAFLORES" }, "geometry": { "type": "Point", "coordinates": [ -77.043236, -12.111029 ] } },
{ "type": "Feature", "properties": { "scientificName": "Nicandra physalodes (L.) Gaertn.", "decimalLatitude": -12.119055, "decimalLongitude": -77.03854, "eventDate": "2026-02-06T15:18:56", "taxonRank": "SPECIES", "kingdom": "Plantae", "phylum": "Tracheophyta", "class": "Magnoliopsida", "order": "Solanales", "family": "Solanaceae", "genus": "Nicandra", "species": "Nicandra physalodes", "recordedBy": "jocean", "coordinateUncertaintyInMeters": 6.0, "source": "GBIF", "district": "MIRAFLORES" }, "geometry": { "type": "Point", "coordinates": [ -77.03854, -12.119055 ] } },
{ "type": "Feature", "properties": { "scientificName": "Oxalis debilis Kunth", "decimalLatitude": -12.111929, "decimalLongitude": -77.043515, "eventDate": "2026-02-06T15:38:32", "taxonRank": "SPECIES", "kingdom": "Plantae", "phylum": "Tracheophyta", "class": "Magnoliopsida", "order": "Oxalidales", "family": "Oxalidaceae", "genus": "Oxalis", "species": "Oxalis debilis", "recordedBy": "jocean", "coordinateUncertaintyInMeters": 6.0, "source": "GBIF", "district": "MIRAFLORES" }, "geometry": { "type": "Point", "coordinates": [ -77.043515, -12.111929 ] } },
{ "type": "Feature", "properties": { "scientificName": "Ipomoea indica (Burm.) Merr.", "decimalLatitude": -12.131244, "decimalLongitude": -77.03143, "eventDate": "2026-02-16T13:37:01", "taxonRank": "SPECIES", "kingdom": "Plantae", "phylum": "Tracheophyta", "class": "Magnoliopsida", "order": "Solanales", "family": "Convolvulaceae", "genus": "Ipomoea", "species": "Ipomoea indica", "recordedBy": "Elliot Greiner", "coordinateUncertaintyInMeters": 27.0, "source": "GBIF", "district": "MIRAFLORES" }, "geometry": { "type": "Point", "coordinates": [ -77.03143, -12.131244 ] } },
{ "type": "Feature", "properties": { "scientificName": "Heliotropium curassavicum L.", "decimalLatitude": -12.127979, "decimalLongitude": -77.036265, "eventDate": "2026-02-21T00:31", "taxonRank": "SPECIES", "kingdom": "Plantae", "phylum": "Tracheophyta", "class": "Magnoliopsida", "order": "Boraginales", "family": "Heliotropiaceae", "genus": "Heliotropium", "species": "Heliotropium curassavicum", "recordedBy": "Hubert Szczygieł", "coordinateUncertaintyInMeters": 8.0, "source": "GBIF", "district": "MIRAFLORES" }, "geometry": { "type": "Point", "coordinates": [ -77.036265, -12.127979 ] } },
{ "type": "Feature", "properties": { "scientificName": "Stellaria media (L.) Vill.", "decimalLatitude": -12.120415, "decimalLongitude": -77.034883, "eventDate": "2026-02-16T11:05:57", "taxonRank": "SPECIES", "kingdom": "Plantae", "phylum": "Tracheophyta", "class": "Magnoliopsida", "order": "Caryophyllales", "family": "Caryophyllaceae", "genus": "Stellaria", "species": "Stellaria media", "recordedBy": "Elliot Greiner", "coordinateUncertaintyInMeters": 17.0, "source": "GBIF", "district": "MIRAFLORES" }, "geometry": { "type": "Point", "coordinates": [ -77.034883, -12.120415 ] } },
{ "type": "Feature", "properties": { "scientificName": "Oxalis corniculata L.", "decimalLatitude": -12.11911, "decimalLongitude": -77.033803, "eventDate": "2026-03-15T13:44:20", "taxonRank": "SPECIES", "kingdom": "Plantae", "phylum": "Tracheophyta", "class": "Magnoliopsida", "order": "Oxalidales", "family": "Oxalidaceae", "genus": "Oxalis", "species": "Oxalis corniculata", "recordedBy": "Elliot Greiner", "coordinateUncertaintyInMeters": 13.0, "source": "GBIF", "district": "MIRAFLORES" }, "geometry": { "type": "Point", "coordinates": [ -77.033803, -12.11911 ] } },
{ "type": "Feature", "properties": { "scientificName": "Oxalis corniculata L.", "decimalLatitude": -12.119051, "decimalLongitude": -77.032429, "eventDate": "2026-03-15T14:39:10", "taxonRank": "SPECIES", "kingdom": "Plantae", "phylum": "Tracheophyta", "class": "Magnoliopsida", "order": "Oxalidales", "family": "Oxalidaceae", "genus": "Oxalis", "species": "Oxalis corniculata", "recordedBy": "Elliot Greiner", "coordinateUncertaintyInMeters": 12.0, "source": "GBIF", "district": "MIRAFLORES" }, "geometry": { "type": "Point", "coordinates": [ -77.032429, -12.119051 ] } },
{ "type": "Feature", "properties": { "scientificName": "Oxalis corniculata L.", "decimalLatitude": -12.119058, "decimalLongitude": -77.032087, "eventDate": "2026-03-15T14:40:05", "taxonRank": "SPECIES", "kingdom": "Plantae", "phylum": "Tracheophyta", "class": "Magnoliopsida", "order": "Oxalidales", "family": "Oxalidaceae", "genus": "Oxalis", "species": "Oxalis corniculata", "recordedBy": "Elliot Greiner", "coordinateUncertaintyInMeters": 22.0, "source": "GBIF", "district": "MIRAFLORES" }, "geometry": { "type": "Point", "coordinates": [ -77.032087, -12.119058 ] } },
{ "type": "Feature", "properties": { "scientificName": "Oxalis corniculata L.", "decimalLatitude": -12.119169, "decimalLongitude": -77.033562, "eventDate": "2026-03-15T13:43:58", "taxonRank": "SPECIES", "kingdom": "Plantae", "phylum": "Tracheophyta", "class": "Magnoliopsida", "order": "Oxalidales", "family": "Oxalidaceae", "genus": "Oxalis", "species": "Oxalis corniculata", "recordedBy": "Elliot Greiner", "coordinateUncertaintyInMeters": 19.0, "source": "GBIF", "district": "MIRAFLORES" }, "geometry": { "type": "Point", "coordinates": [ -77.033562, -12.119169 ] } },
{ "type": "Feature", "properties": { "scientificName": "Amaranthus blitum L.", "decimalLatitude": -12.127952, "decimalLongitude": -77.035167, "eventDate": "2026-03-13T16:34:41", "taxonRank": "SPECIES", "kingdom": "Plantae", "phylum": "Tracheophyta", "class": "Magnoliopsida", "order": "Caryophyllales", "family": "Amaranthaceae", "genus": "Amaranthus", "species": "Amaranthus blitum", "recordedBy": "Elliot Greiner", "coordinateUncertaintyInMeters": 21.0, "source": "GBIF", "district": "MIRAFLORES" }, "geometry": { "type": "Point", "coordinates": [ -77.035167, -12.127952 ] } },
{ "type": "Feature", "properties": { "scientificName": "Euphorbia peplus L.", "decimalLatitude": -12.118875, "decimalLongitude": -77.030084, "eventDate": "2026-03-15T13:38:22", "taxonRank": "SPECIES", "kingdom": "Plantae", "phylum": "Tracheophyta", "class": "Magnoliopsida", "order": "Malpighiales", "family": "Euphorbiaceae", "genus": "Euphorbia", "species": "Euphorbia peplus", "recordedBy": "Elliot Greiner", "coordinateUncertaintyInMeters": 23.0, "source": "GBIF", "district": "MIRAFLORES" }, "geometry": { "type": "Point", "coordinates": [ -77.030084, -12.118875 ] } },
{ "type": "Feature", "properties": { "scientificName": "Trifolium repens L.", "decimalLatitude": -12.119144, "decimalLongitude": -77.032805, "eventDate": "2026-03-15T13:42:55", "taxonRank": "SPECIES", "kingdom": "Plantae", "phylum": "Tracheophyta", "class": "Magnoliopsida", "order": "Fabales", "family": "Fabaceae", "genus": "Trifolium", "species": "Trifolium repens", "recordedBy": "Elliot Greiner", "coordinateUncertaintyInMeters": 12.0, "source": "GBIF", "district": "MIRAFLORES" }, "geometry": { "type": "Point", "coordinates": [ -77.032805, -12.119144 ] } },
{ "type": "Feature", "properties": { "scientificName": "Oxalis corniculata L.", "decimalLatitude": -12.119034, "decimalLongitude": -77.032111, "eventDate": "2026-03-15T14:39:54", "taxonRank": "SPECIES", "kingdom": "Plantae", "phylum": "Tracheophyta", "class": "Magnoliopsida", "order": "Oxalidales", "family": "Oxalidaceae", "genus": "Oxalis", "species": "Oxalis corniculata", "recordedBy": "Elliot Greiner", "coordinateUncertaintyInMeters": 22.0, "source": "GBIF", "district": "MIRAFLORES" }, "geometry": { "type": "Point", "coordinates": [ -77.032111, -12.119034 ] } },
{ "type": "Feature", "properties": { "scientificName": "Oxalis corniculata L.", "decimalLatitude": -12.118954, "decimalLongitude": -77.030842, "eventDate": "2026-03-15T14:43:06", "taxonRank": "SPECIES", "kingdom": "Plantae", "phylum": "Tracheophyta", "class": "Magnoliopsida", "order": "Oxalidales", "family": "Oxalidaceae", "genus": "Oxalis", "species": "Oxalis corniculata", "recordedBy": "Elliot Greiner", "coordinateUncertaintyInMeters": 8.0, "source": "GBIF", "district": "MIRAFLORES" }, "geometry": { "type": "Point", "coordinates": [ -77.030842, -12.118954 ] } },
{ "type": "Feature", "properties": { "scientificName": "Oxalis corniculata L.", "decimalLatitude": -12.119033, "decimalLongitude": -77.034357, "eventDate": "2026-03-15T14:34:46", "taxonRank": "SPECIES", "kingdom": "Plantae", "phylum": "Tracheophyta", "class": "Magnoliopsida", "order": "Oxalidales", "family": "Oxalidaceae", "genus": "Oxalis", "species": "Oxalis corniculata", "recordedBy": "Elliot Greiner", "coordinateUncertaintyInMeters": 15.0, "source": "GBIF", "district": "MIRAFLORES" }, "geometry": { "type": "Point", "coordinates": [ -77.034357, -12.119033 ] } },
{ "type": "Feature", "properties": { "scientificName": "Schinus terebinthifolia Raddi", "decimalLatitude": -12.127254, "decimalLongitude": -77.036562, "eventDate": "2026-03-24T14:34:14", "taxonRank": "SPECIES", "kingdom": "Plantae", "phylum": "Tracheophyta", "class": "Magnoliopsida", "order": "Sapindales", "family": "Anacardiaceae", "genus": "Schinus", "species": "Schinus terebinthifolia", "recordedBy": "Betsy Snow", "coordinateUncertaintyInMeters": 8.0, "source": "GBIF", "district": "MIRAFLORES" }, "geometry": { "type": "Point", "coordinates": [ -77.036562, -12.127254 ] } },
{ "type": "Feature", "properties": { "scientificName": "Oxalis debilis Kunth", "decimalLatitude": -12.119061, "decimalLongitude": -77.030353, "eventDate": "2026-03-15T14:43:59", "taxonRank": "SPECIES", "kingdom": "Plantae", "phylum": "Tracheophyta", "class": "Magnoliopsida", "order": "Oxalidales", "family": "Oxalidaceae", "genus": "Oxalis", "species": "Oxalis debilis", "recordedBy": "Elliot Greiner", "coordinateUncertaintyInMeters": 21.0, "source": "GBIF", "district": "MIRAFLORES" }, "geometry": { "type": "Point", "coordinates": [ -77.030353, -12.119061 ] } },
{ "type": "Feature", "properties": { "scientificName": "Oxalis corniculata L.", "decimalLatitude": -12.119071, "decimalLongitude": -77.032692, "eventDate": "2026-03-15T14:38:17", "taxonRank": "SPECIES", "kingdom": "Plantae", "phylum": "Tracheophyta", "class": "Magnoliopsida", "order": "Oxalidales", "family": "Oxalidaceae", "genus": "Oxalis", "species": "Oxalis corniculata", "recordedBy": "Elliot Greiner", "coordinateUncertaintyInMeters": 23.0, "source": "GBIF", "district": "MIRAFLORES" }, "geometry": { "type": "Point", "coordinates": [ -77.032692, -12.119071 ] } },
{ "type": "Feature", "properties": { "scientificName": "Oxalis debilis Kunth", "decimalLatitude": -12.11896, "decimalLongitude": -77.034546, "eventDate": "2026-03-15T14:34:03", "taxonRank": "SPECIES", "kingdom": "Plantae", "phylum": "Tracheophyta", "class": "Magnoliopsida", "order": "Oxalidales", "family": "Oxalidaceae", "genus": "Oxalis", "species": "Oxalis debilis", "recordedBy": "Elliot Greiner", "coordinateUncertaintyInMeters": 30.0, "source": "GBIF", "district": "MIRAFLORES" }, "geometry": { "type": "Point", "coordinates": [ -77.034546, -12.11896 ] } },
{ "type": "Feature", "properties": { "scientificName": "Oxalis corniculata L.", "decimalLatitude": -12.118901, "decimalLongitude": -77.033099, "eventDate": "2026-03-15T14:37:46", "taxonRank": "SPECIES", "kingdom": "Plantae", "phylum": "Tracheophyta", "class": "Magnoliopsida", "order": "Oxalidales", "family": "Oxalidaceae", "genus": "Oxalis", "species": "Oxalis corniculata", "recordedBy": "Elliot Greiner", "coordinateUncertaintyInMeters": 23.0, "source": "GBIF", "district": "MIRAFLORES" }, "geometry": { "type": "Point", "coordinates": [ -77.033099, -12.118901 ] } },
{ "type": "Feature", "properties": { "scientificName": "Oxalis debilis Kunth", "decimalLatitude": -12.119103, "decimalLongitude": -77.031485, "eventDate": "2026-03-15T14:41:05", "taxonRank": "SPECIES", "kingdom": "Plantae", "phylum": "Tracheophyta", "class": "Magnoliopsida", "order": "Oxalidales", "family": "Oxalidaceae", "genus": "Oxalis", "species": "Oxalis debilis", "recordedBy": "Elliot Greiner", "coordinateUncertaintyInMeters": 22.0, "source": "GBIF", "district": "MIRAFLORES" }, "geometry": { "type": "Point", "coordinates": [ -77.031485, -12.119103 ] } },
{ "type": "Feature", "properties": { "scientificName": "Stellaria media (L.) Vill.", "decimalLatitude": -12.11888, "decimalLongitude": -77.030571, "eventDate": "2026-03-15T13:40:43", "taxonRank": "SPECIES", "kingdom": "Plantae", "phylum": "Tracheophyta", "class": "Magnoliopsida", "order": "Caryophyllales", "family": "Caryophyllaceae", "genus": "Stellaria", "species": "Stellaria media", "recordedBy": "Elliot Greiner", "coordinateUncertaintyInMeters": 30.0, "source": "GBIF", "district": "MIRAFLORES" }, "geometry": { "type": "Point", "coordinates": [ -77.030571, -12.11888 ] } },
{ "type": "Feature", "properties": { "scientificName": "Stellaria media (L.) Vill.", "decimalLatitude": -12.119137, "decimalLongitude": -77.029883, "eventDate": "2026-03-15T14:44:24", "taxonRank": "SPECIES", "kingdom": "Plantae", "phylum": "Tracheophyta", "class": "Magnoliopsida", "order": "Caryophyllales", "family": "Caryophyllaceae", "genus": "Stellaria", "species": "Stellaria media", "recordedBy": "Elliot Greiner", "coordinateUncertaintyInMeters": 23.0, "source": "GBIF", "district": "MIRAFLORES" }, "geometry": { "type": "Point", "coordinates": [ -77.029883, -12.119137 ] } },
{ "type": "Feature", "properties": { "scientificName": "Stellaria media (L.) Vill.", "decimalLatitude": -12.119074, "decimalLongitude": -77.031094, "eventDate": "2026-03-15T14:42:04", "taxonRank": "SPECIES", "kingdom": "Plantae", "phylum": "Tracheophyta", "class": "Magnoliopsida", "order": "Caryophyllales", "family": "Caryophyllaceae", "genus": "Stellaria", "species": "Stellaria media", "recordedBy": "Elliot Greiner", "coordinateUncertaintyInMeters": 18.0, "source": "GBIF", "district": "MIRAFLORES" }, "geometry": { "type": "Point", "coordinates": [ -77.031094, -12.119074 ] } },
{ "type": "Feature", "properties": { "scientificName": "Ruellia simplex C.Wright", "decimalLatitude": -12.106432, "decimalLongitude": -77.030028, "eventDate": "2026-03-14T17:14:38", "taxonRank": "SPECIES", "kingdom": "Plantae", "phylum": "Tracheophyta", "class": "Magnoliopsida", "order": "Lamiales", "family": "Acanthaceae", "genus": "Ruellia", "species": "Ruellia simplex", "recordedBy": "Elliot Greiner", "coordinateUncertaintyInMeters": 18.0, "source": "GBIF", "district": "MIRAFLORES" }, "geometry": { "type": "Point", "coordinates": [ -77.030028, -12.106432 ] } },
{ "type": "Feature", "properties": { "scientificName": "Taraxacum officinale Weber ex F.H.Wigg.", "decimalLatitude": -12.119061, "decimalLongitude": -77.034367, "eventDate": "2026-03-15T14:35:06", "taxonRank": "SPECIES", "kingdom": "Plantae", "phylum": "Tracheophyta", "class": "Magnoliopsida", "order": "Asterales", "family": "Asteraceae", "genus": "Taraxacum", "species": "Taraxacum officinale", "recordedBy": "Elliot Greiner", "coordinateUncertaintyInMeters": 17.0, "source": "GBIF", "district": "MIRAFLORES" }, "geometry": { "type": "Point", "coordinates": [ -77.034367, -12.119061 ] } },
{ "type": "Feature", "properties": { "scientificName": "Taraxacum officinale Weber ex F.H.Wigg.", "decimalLatitude": -12.119004, "decimalLongitude": -77.032109, "eventDate": "2026-03-15T14:39:43", "taxonRank": "SPECIES", "kingdom": "Plantae", "phylum": "Tracheophyta", "class": "Magnoliopsida", "order": "Asterales", "family": "Asteraceae", "genus": "Taraxacum", "species": "Taraxacum officinale", "recordedBy": "Elliot Greiner", "coordinateUncertaintyInMeters": 22.0, "source": "GBIF", "district": "MIRAFLORES" }, "geometry": { "type": "Point", "coordinates": [ -77.032109, -12.119004 ] } },
{ "type": "Feature", "properties": { "scientificName": "Taraxacum officinale Weber ex F.H.Wigg.", "decimalLatitude": -12.128861, "decimalLongitude": -77.02982, "eventDate": "2026-03-13T17:08:12", "taxonRank": "SPECIES", "kingdom": "Plantae", "phylum": "Tracheophyta", "class": "Magnoliopsida", "order": "Asterales", "family": "Asteraceae", "genus": "Taraxacum", "species": "Taraxacum officinale", "recordedBy": "Elliot Greiner", "coordinateUncertaintyInMeters": 22.0, "source": "GBIF", "district": "MIRAFLORES" }, "geometry": { "type": "Point", "coordinates": [ -77.02982, -12.128861 ] } },
{ "type": "Feature", "properties": { "scientificName": "Antigonon leptopus Hook. & Arn.", "decimalLatitude": -12.112519, "decimalLongitude": -77.033067, "eventDate": "2026-03-07T13:13:19", "taxonRank": "SPECIES", "kingdom": "Plantae", "phylum": "Tracheophyta", "class": "Magnoliopsida", "order": "Caryophyllales", "family": "Polygonaceae", "genus": "Antigonon", "species": "Antigonon leptopus", "recordedBy": "danplant", "coordinateUncertaintyInMeters": null, "source": "GBIF", "district": "MIRAFLORES" }, "geometry": { "type": "Point", "coordinates": [ -77.033067, -12.112519 ] } },
{ "type": "Feature", "properties": { "scientificName": "Agave attenuata Salm-Dyck", "decimalLatitude": -12.110062, "decimalLongitude": -77.033165, "eventDate": "2026-04-30T16:48:04", "taxonRank": "SPECIES", "kingdom": "Plantae", "phylum": "Tracheophyta", "class": "Liliopsida", "order": "Asparagales", "family": "Asparagaceae", "genus": "Agave", "species": "Agave attenuata", "recordedBy": "fullmoonbloom", "coordinateUncertaintyInMeters": 17.0, "source": "GBIF", "district": "MIRAFLORES" }, "geometry": { "type": "Point", "coordinates": [ -77.033165, -12.110062 ] } },
{ "type": "Feature", "properties": { "scientificName": "Allamanda cathartica L.", "decimalLatitude": -12.116971, "decimalLongitude": -77.041222, "eventDate": "2026-04-05T10:41:41", "taxonRank": "SPECIES", "kingdom": "Plantae", "phylum": "Tracheophyta", "class": "Magnoliopsida", "order": "Gentianales", "family": "Apocynaceae", "genus": "Allamanda", "species": "Allamanda cathartica", "recordedBy": "UNIRSE Rodrigo,Revilla Calle", "coordinateUncertaintyInMeters": 8.0, "source": "GBIF", "district": "MIRAFLORES" }, "geometry": { "type": "Point", "coordinates": [ -77.041222, -12.116971 ] } },
{ "type": "Feature", "properties": { "scientificName": "Sphagneticola trilobata (L.) Pruski", "decimalLatitude": -12.131036, "decimalLongitude": -77.032228, "eventDate": "2026-05-26T18:04:49", "taxonRank": "SPECIES", "kingdom": "Plantae", "phylum": "Tracheophyta", "class": "Magnoliopsida", "order": "Asterales", "family": "Asteraceae", "genus": "Sphagneticola", "species": "Sphagneticola trilobata", "recordedBy": "Dra. Leah", "coordinateUncertaintyInMeters": 21.0, "source": "GBIF", "district": "MIRAFLORES" }, "geometry": { "type": "Point", "coordinates": [ -77.032228, -12.131036 ] } },
{ "type": "Feature", "properties": { "scientificName": "Sphagneticola trilobata (L.) Pruski", "decimalLatitude": -12.12689, "decimalLongitude": -77.036362, "eventDate": "2026-05-07T09:39:30", "taxonRank": "SPECIES", "kingdom": "Plantae", "phylum": "Tracheophyta", "class": "Magnoliopsida", "order": "Asterales", "family": "Asteraceae", "genus": "Sphagneticola", "species": "Sphagneticola trilobata", "recordedBy": "Benigno Gómez Garza", "coordinateUncertaintyInMeters": null, "source": "GBIF", "district": "MIRAFLORES" }, "geometry": { "type": "Point", "coordinates": [ -77.036362, -12.12689 ] } },
{ "type": "Feature", "properties": { "scientificName": "Ipomoea indica (Burm.) Merr.", "decimalLatitude": -12.127107, "decimalLongitude": -77.035989, "eventDate": "2026-07-12T11:32:06", "taxonRank": "SPECIES", "kingdom": "Plantae", "phylum": "Tracheophyta", "class": "Magnoliopsida", "order": "Solanales", "family": "Convolvulaceae", "genus": "Ipomoea", "species": "Ipomoea indica", "recordedBy": "Elijah Okeefe", "coordinateUncertaintyInMeters": 36.0, "source": "GBIF", "district": "MIRAFLORES" }, "geometry": { "type": "Point", "coordinates": [ -77.035989, -12.127107 ] } },
{ "type": "Feature", "properties": { "scientificName": "Ipomoea cairica (L.) Sweet", "decimalLatitude": -12.127711, "decimalLongitude": -77.035922, "eventDate": "2026-07-12T14:22:22", "taxonRank": "SPECIES", "kingdom": "Plantae", "phylum": "Tracheophyta", "class": "Magnoliopsida", "order": "Solanales", "family": "Convolvulaceae", "genus": "Ipomoea", "species": "Ipomoea cairica", "recordedBy": "Elijah Okeefe", "coordinateUncertaintyInMeters": 14.0, "source": "GBIF", "district": "MIRAFLORES" }, "geometry": { "type": "Point", "coordinates": [ -77.035922, -12.127711 ] } },
{ "type": "Feature", "properties": { "scientificName": "Ipomoea nil (L.) Roth", "decimalLatitude": -12.112089, "decimalLongitude": -77.051041, "eventDate": "2026-07-18T08:51:21", "taxonRank": "SPECIES", "kingdom": "Plantae", "phylum": "Tracheophyta", "class": "Magnoliopsida", "order": "Solanales", "family": "Convolvulaceae", "genus": "Ipomoea", "species": "Ipomoea nil", "recordedBy": "arooj54", "coordinateUncertaintyInMeters": 2.0, "source": "GBIF", "district": "MIRAFLORES" }, "geometry": { "type": "Point", "coordinates": [ -77.051041, -12.112089 ] } },
{ "type": "Feature", "properties": { "scientificName": "Ipomoea cairica (L.) Sweet", "decimalLatitude": -12.123644, "decimalLongitude": -77.040522, "eventDate": "2026-07-28T12:18:15", "taxonRank": "SPECIES", "kingdom": "Plantae", "phylum": "Tracheophyta", "class": "Magnoliopsida", "order": "Solanales", "family": "Convolvulaceae", "genus": "Ipomoea", "species": "Ipomoea cairica", "recordedBy": "Sebastián Ordóñez", "coordinateUncertaintyInMeters": null, "source": "GBIF", "district": "MIRAFLORES" }, "geometry": { "type": "Point", "coordinates": [ -77.040522, -12.123644 ] } },
{ "type": "Feature", "properties": { "scientificName": "Ipomoea indica (Burm.) Merr.", "decimalLatitude": -12.126233, "decimalLongitude": -77.036578, "eventDate": "2026-07-28T11:44:27", "taxonRank": "SPECIES", "kingdom": "Plantae", "phylum": "Tracheophyta", "class": "Magnoliopsida", "order": "Solanales", "family": "Convolvulaceae", "genus": "Ipomoea", "species": "Ipomoea indica", "recordedBy": "Sebastián Ordóñez", "coordinateUncertaintyInMeters": null, "source": "GBIF", "district": "MIRAFLORES" }, "geometry": { "type": "Point", "coordinates": [ -77.036578, -12.126233 ] } },
{ "type": "Feature", "properties": { "scientificName": "Schinus terebinthifolia Raddi", "decimalLatitude": -12.122933, "decimalLongitude": -77.034901, "eventDate": "2026-07-13T06:02:29", "taxonRank": "SPECIES", "kingdom": "Plantae", "phylum": "Tracheophyta", "class": "Magnoliopsida", "order": "Sapindales", "family": "Anacardiaceae", "genus": "Schinus", "species": "Schinus terebinthifolia", "recordedBy": "Elijah Okeefe", "coordinateUncertaintyInMeters": 24.0, "source": "GBIF", "district": "MIRAFLORES" }, "geometry": { "type": "Point", "coordinates": [ -77.034901, -12.122933 ] } },
{ "type": "Feature", "properties": { "scientificName": "Sphagneticola trilobata (L.) Pruski", "decimalLatitude": -12.124982, "decimalLongitude": -77.0335, "eventDate": "2025-02-23T14:12:17", "taxonRank": "SPECIES", "kingdom": "Plantae", "phylum": "Tracheophyta", "class": "Magnoliopsida", "order": "Asterales", "family": "Asteraceae", "genus": "Sphagneticola", "species": "Sphagneticola trilobata", "recordedBy": "Markus Ackermann", "coordinateUncertaintyInMeters": null, "source": "GBIF", "district": "MIRAFLORES" }, "geometry": { "type": "Point", "coordinates": [ -77.0335, -12.124982 ] } },
{ "type": "Feature", "properties": { "scientificName": "Sphagneticola trilobata (L.) Pruski", "decimalLatitude": -12.1277, "decimalLongitude": -77.027453, "eventDate": "2025-02-19T21:54:28Z", "taxonRank": "SPECIES", "kingdom": "Plantae", "phylum": "Tracheophyta", "class": "Magnoliopsida", "order": "Asterales", "family": "Asteraceae", "genus": "Sphagneticola", "species": "Sphagneticola trilobata", "recordedBy": null, "coordinateUncertaintyInMeters": null, "source": "GBIF", "district": "MIRAFLORES" }, "geometry": { "type": "Point", "coordinates": [ -77.027453, -12.1277 ] } },
{ "type": "Feature", "properties": { "scientificName": "Ipomoea indica (Burm.) Merr.", "decimalLatitude": -12.12618, "decimalLongitude": -77.036842, "eventDate": "2025-02-17T09:24:59", "taxonRank": "SPECIES", "kingdom": "Plantae", "phylum": "Tracheophyta", "class": "Magnoliopsida", "order": "Solanales", "family": "Convolvulaceae", "genus": "Ipomoea", "species": "Ipomoea indica", "recordedBy": "speciesexplorer", "coordinateUncertaintyInMeters": 21.0, "source": "GBIF", "district": "MIRAFLORES" }, "geometry": { "type": "Point", "coordinates": [ -77.036842, -12.12618 ] } },
{ "type": "Feature", "properties": { "scientificName": "Bellis perennis L.", "decimalLatitude": -12.121786, "decimalLongitude": -77.030449, "eventDate": "2025-03-01T13:22:05", "taxonRank": "SPECIES", "kingdom": "Plantae", "phylum": "Tracheophyta", "class": "Magnoliopsida", "order": "Asterales", "family": "Asteraceae", "genus": "Bellis", "species": "Bellis perennis", "recordedBy": "Alejandra Yamaca", "coordinateUncertaintyInMeters": 204.0, "source": "GBIF", "district": "MIRAFLORES" }, "geometry": { "type": "Point", "coordinates": [ -77.030449, -12.121786 ] } },
{ "type": "Feature", "properties": { "scientificName": "Sphagneticola trilobata (L.) Pruski", "decimalLatitude": -12.1189, "decimalLongitude": -77.033428, "eventDate": "2025-03-30T16:31:56", "taxonRank": "SPECIES", "kingdom": "Plantae", "phylum": "Tracheophyta", "class": "Magnoliopsida", "order": "Asterales", "family": "Asteraceae", "genus": "Sphagneticola", "species": "Sphagneticola trilobata", "recordedBy": "ZooMuchInformation", "coordinateUncertaintyInMeters": null, "source": "GBIF", "district": "MIRAFLORES" }, "geometry": { "type": "Point", "coordinates": [ -77.033428, -12.1189 ] } },
{ "type": "Feature", "properties": { "scientificName": "Solanum pimpinellifolium L.", "decimalLatitude": -12.111211, "decimalLongitude": -77.040638, "eventDate": "2025-04-25T16:23:50", "taxonRank": "SPECIES", "kingdom": "Plantae", "phylum": "Tracheophyta", "class": "Magnoliopsida", "order": "Solanales", "family": "Solanaceae", "genus": "Solanum", "species": "Solanum pimpinellifolium", "recordedBy": "jocean", "coordinateUncertaintyInMeters": 6.0, "source": "GBIF", "district": "MIRAFLORES" }, "geometry": { "type": "Point", "coordinates": [ -77.040638, -12.111211 ] } },
{ "type": "Feature", "properties": { "scientificName": "Cosmos bipinnatus Cav.", "decimalLatitude": -12.126673, "decimalLongitude": -77.036196, "eventDate": "2025-04-28T08:26:47", "taxonRank": "SPECIES", "kingdom": "Plantae", "phylum": "Tracheophyta", "class": "Magnoliopsida", "order": "Asterales", "family": "Asteraceae", "genus": "Cosmos", "species": "Cosmos bipinnatus", "recordedBy": "kercap", "coordinateUncertaintyInMeters": 23.0, "source": "GBIF", "district": "MIRAFLORES" }, "geometry": { "type": "Point", "coordinates": [ -77.036196, -12.126673 ] } },
{ "type": "Feature", "properties": { "scientificName": "Euphorbia tirucalli L.", "decimalLatitude": -12.11446, "decimalLongitude": -77.04113, "eventDate": "2025-05-02T11:01:15", "taxonRank": "SPECIES", "kingdom": "Plantae", "phylum": "Tracheophyta", "class": "Magnoliopsida", "order": "Malpighiales", "family": "Euphorbiaceae", "genus": "Euphorbia", "species": "Euphorbia tirucalli", "recordedBy": "Joaquín Boluarte", "coordinateUncertaintyInMeters": 10.0, "source": "GBIF", "district": "MIRAFLORES" }, "geometry": { "type": "Point", "coordinates": [ -77.04113, -12.11446 ] } },
{ "type": "Feature", "properties": { "scientificName": "Heliotropium angiospermum Murray", "decimalLatitude": -12.136625, "decimalLongitude": -77.025952, "eventDate": "2025-05-19T17:28:02", "taxonRank": "SPECIES", "kingdom": "Plantae", "phylum": "Tracheophyta", "class": "Magnoliopsida", "order": "Boraginales", "family": "Heliotropiaceae", "genus": "Heliotropium", "species": "Heliotropium angiospermum", "recordedBy": "Miguel Bailetti", "coordinateUncertaintyInMeters": 10.0, "source": "GBIF", "district": "MIRAFLORES" }, "geometry": { "type": "Point", "coordinates": [ -77.025952, -12.136625 ] } },
{ "type": "Feature", "properties": { "scientificName": "Asclepias curassavica L.", "decimalLatitude": -12.119067, "decimalLongitude": -77.044442, "eventDate": "2025-05-19T11:10:50", "taxonRank": "SPECIES", "kingdom": "Plantae", "phylum": "Tracheophyta", "class": "Magnoliopsida", "order": "Gentianales", "family": "Apocynaceae", "genus": "Asclepias", "species": "Asclepias curassavica", "recordedBy": "cynthiajoan", "coordinateUncertaintyInMeters": 48.0, "source": "GBIF", "district": "MIRAFLORES" }, "geometry": { "type": "Point", "coordinates": [ -77.044442, -12.119067 ] } },
{ "type": "Feature", "properties": { "scientificName": "Oxalis corniculata L.", "decimalLatitude": -12.124333, "decimalLongitude": -77.032944, "eventDate": "2025-05-07T11:55", "taxonRank": "SPECIES", "kingdom": "Plantae", "phylum": "Tracheophyta", "class": "Magnoliopsida", "order": "Oxalidales", "family": "Oxalidaceae", "genus": "Oxalis", "species": "Oxalis corniculata", "recordedBy": "Martine Lapointe", "coordinateUncertaintyInMeters": null, "source": "GBIF", "district": "MIRAFLORES" }, "geometry": { "type": "Point", "coordinates": [ -77.032944, -12.124333 ] } },
{ "type": "Feature", "properties": { "scientificName": "Sapindus saponaria L.", "decimalLatitude": -12.136509, "decimalLongitude": -77.026291, "eventDate": "2025-05-19T17:36:54", "taxonRank": "SPECIES", "kingdom": "Plantae", "phylum": "Tracheophyta", "class": "Magnoliopsida", "order": "Sapindales", "family": "Sapindaceae", "genus": "Sapindus", "species": "Sapindus saponaria", "recordedBy": "Miguel Bailetti", "coordinateUncertaintyInMeters": 10.0, "source": "GBIF", "district": "MIRAFLORES" }, "geometry": { "type": "Point", "coordinates": [ -77.026291, -12.136509 ] } },
{ "type": "Feature", "properties": { "scientificName": "Duranta erecta L.", "decimalLatitude": -12.130066, "decimalLongitude": -77.03299, "eventDate": "2025-06-15T14:36:25", "taxonRank": "SPECIES", "kingdom": "Plantae", "phylum": "Tracheophyta", "class": "Magnoliopsida", "order": "Lamiales", "family": "Verbenaceae", "genus": "Duranta", "species": "Duranta erecta", "recordedBy": "bsanchez1", "coordinateUncertaintyInMeters": 30.0, "source": "GBIF", "district": "MIRAFLORES" }, "geometry": { "type": "Point", "coordinates": [ -77.03299, -12.130066 ] } },
{ "type": "Feature", "properties": { "scientificName": "Melaleuca viminalis (Gaertn.) Byrnes", "decimalLatitude": -12.122032, "decimalLongitude": -77.030991, "eventDate": "2025-06-17T22:32:32", "taxonRank": "SPECIES", "kingdom": "Plantae", "phylum": "Tracheophyta", "class": "Magnoliopsida", "order": "Myrtales", "family": "Myrtaceae", "genus": "Callistemon", "species": "Callistemon viminalis", "recordedBy": "yasline", "coordinateUncertaintyInMeters": 23.0, "source": "GBIF", "district": "MIRAFLORES" }, "geometry": { "type": "Point", "coordinates": [ -77.030991, -12.122032 ] } },
{ "type": "Feature", "properties": { "scientificName": "Ipomoea indica (Burm.) Merr.", "decimalLatitude": -12.121209, "decimalLongitude": -77.044128, "eventDate": "2025-06-18T08:17:32", "taxonRank": "SPECIES", "kingdom": "Plantae", "phylum": "Tracheophyta", "class": "Magnoliopsida", "order": "Solanales", "family": "Convolvulaceae", "genus": "Ipomoea", "species": "Ipomoea indica", "recordedBy": "yasline", "coordinateUncertaintyInMeters": 1154.0, "source": "GBIF", "district": "MIRAFLORES" }, "geometry": { "type": "Point", "coordinates": [ -77.044128, -12.121209 ] } },
{ "type": "Feature", "properties": { "scientificName": "Ipomoea indica (Burm.) Merr.", "decimalLatitude": -12.127147, "decimalLongitude": -77.036414, "eventDate": "2025-06-18T17:52:37", "taxonRank": "SPECIES", "kingdom": "Plantae", "phylum": "Tracheophyta", "class": "Magnoliopsida", "order": "Solanales", "family": "Convolvulaceae", "genus": "Ipomoea", "species": "Ipomoea indica", "recordedBy": "Julio Campis", "coordinateUncertaintyInMeters": 6.0, "source": "GBIF", "district": "MIRAFLORES" }, "geometry": { "type": "Point", "coordinates": [ -77.036414, -12.127147 ] } },
{ "type": "Feature", "properties": { "scientificName": "Schinus terebinthifolia Raddi", "decimalLatitude": -12.121655, "decimalLongitude": -77.030067, "eventDate": "2025-06-18T16:31:01", "taxonRank": "SPECIES", "kingdom": "Plantae", "phylum": "Tracheophyta", "class": "Magnoliopsida", "order": "Sapindales", "family": "Anacardiaceae", "genus": "Schinus", "species": "Schinus terebinthifolia", "recordedBy": "Julio Campis", "coordinateUncertaintyInMeters": 12.0, "source": "GBIF", "district": "MIRAFLORES" }, "geometry": { "type": "Point", "coordinates": [ -77.030067, -12.121655 ] } },
{ "type": "Feature", "properties": { "scientificName": "Sphagneticola trilobata (L.) Pruski", "decimalLatitude": -12.134798, "decimalLongitude": -77.028241, "eventDate": "2025-06-15T09:33:04", "taxonRank": "SPECIES", "kingdom": "Plantae", "phylum": "Tracheophyta", "class": "Magnoliopsida", "order": "Asterales", "family": "Asteraceae", "genus": "Sphagneticola", "species": "Sphagneticola trilobata", "recordedBy": "mike_dalen", "coordinateUncertaintyInMeters": 13.0, "source": "GBIF", "district": "MIRAFLORES" }, "geometry": { "type": "Point", "coordinates": [ -77.028241, -12.134798 ] } },
{ "type": "Feature", "properties": { "scientificName": "Sphagneticola trilobata (L.) Pruski", "decimalLatitude": -12.130145, "decimalLongitude": -77.033432, "eventDate": "2025-06-15T14:35:24", "taxonRank": "SPECIES", "kingdom": "Plantae", "phylum": "Tracheophyta", "class": "Magnoliopsida", "order": "Asterales", "family": "Asteraceae", "genus": "Sphagneticola", "species": "Sphagneticola trilobata", "recordedBy": "bsanchez1", "coordinateUncertaintyInMeters": 66.0, "source": "GBIF", "district": "MIRAFLORES" }, "geometry": { "type": "Point", "coordinates": [ -77.033432, -12.130145 ] } },
{ "type": "Feature", "properties": { "scientificName": "Ipomoea indica (Burm.) Merr.", "decimalLatitude": -12.121514, "decimalLongitude": -77.044196, "eventDate": "2025-07-20T10:23", "taxonRank": "SPECIES", "kingdom": "Plantae", "phylum": "Tracheophyta", "class": "Magnoliopsida", "order": "Solanales", "family": "Convolvulaceae", "genus": "Ipomoea", "species": "Ipomoea indica", "recordedBy": "Ludwig Treuter", "coordinateUncertaintyInMeters": null, "source": "GBIF", "district": "MIRAFLORES" }, "geometry": { "type": "Point", "coordinates": [ -77.044196, -12.121514 ] } },
{ "type": "Feature", "properties": { "scientificName": "Schinus terebinthifolia Raddi", "decimalLatitude": -12.126659, "decimalLongitude": -77.036686, "eventDate": "2025-07-16T10:43:31", "taxonRank": "SPECIES", "kingdom": "Plantae", "phylum": "Tracheophyta", "class": "Magnoliopsida", "order": "Sapindales", "family": "Anacardiaceae", "genus": "Schinus", "species": "Schinus terebinthifolia", "recordedBy": "kantrim", "coordinateUncertaintyInMeters": 4.0, "source": "GBIF", "district": "MIRAFLORES" }, "geometry": { "type": "Point", "coordinates": [ -77.036686, -12.126659 ] } },
{ "type": "Feature", "properties": { "scientificName": "Mesembryanthemum cordifolium L.fil.", "decimalLatitude": -12.121276, "decimalLongitude": -77.043711, "eventDate": "2025-07-20T11:08", "taxonRank": "SPECIES", "kingdom": "Plantae", "phylum": "Tracheophyta", "class": "Magnoliopsida", "order": "Caryophyllales", "family": "Aizoaceae", "genus": "Mesembryanthemum", "species": "Mesembryanthemum cordifolium", "recordedBy": "Ludwig Treuter", "coordinateUncertaintyInMeters": null, "source": "GBIF", "district": "MIRAFLORES" }, "geometry": { "type": "Point", "coordinates": [ -77.043711, -12.121276 ] } },
{ "type": "Feature", "properties": { "scientificName": "Ipomoea indica (Burm.) Merr.", "decimalLatitude": -12.127142, "decimalLongitude": -77.036111, "eventDate": "2025-07-22T16:39:32", "taxonRank": "SPECIES", "kingdom": "Plantae", "phylum": "Tracheophyta", "class": "Magnoliopsida", "order": "Solanales", "family": "Convolvulaceae", "genus": "Ipomoea", "species": "Ipomoea indica", "recordedBy": "nhallancia", "coordinateUncertaintyInMeters": 80.0, "source": "GBIF", "district": "MIRAFLORES" }, "geometry": { "type": "Point", "coordinates": [ -77.036111, -12.127142 ] } },
{ "type": "Feature", "properties": { "scientificName": "Calodendrum capense (L.fil.) Thunb.", "decimalLatitude": -12.118743, "decimalLongitude": -77.044703, "eventDate": "2025-07-29T17:28", "taxonRank": "SPECIES", "kingdom": "Plantae", "phylum": "Tracheophyta", "class": "Magnoliopsida", "order": "Sapindales", "family": "Rutaceae", "genus": "Calodendrum", "species": "Calodendrum capense", "recordedBy": "Nadia Ponce", "coordinateUncertaintyInMeters": 32.0, "source": "GBIF", "district": "MIRAFLORES" }, "geometry": { "type": "Point", "coordinates": [ -77.044703, -12.118743 ] } },
{ "type": "Feature", "properties": { "scientificName": "Ipomoea cairica (L.) Sweet", "decimalLatitude": -12.135826, "decimalLongitude": -77.025345, "eventDate": "2025-07-28T13:27:22", "taxonRank": "SPECIES", "kingdom": "Plantae", "phylum": "Tracheophyta", "class": "Magnoliopsida", "order": "Solanales", "family": "Convolvulaceae", "genus": "Ipomoea", "species": "Ipomoea cairica", "recordedBy": "Estefanía Aldana", "coordinateUncertaintyInMeters": null, "source": "GBIF", "district": "MIRAFLORES" }, "geometry": { "type": "Point", "coordinates": [ -77.025345, -12.135826 ] } },
{ "type": "Feature", "properties": { "scientificName": "Sphagneticola trilobata (L.) Pruski", "decimalLatitude": -12.127169, "decimalLongitude": -77.036439, "eventDate": "2025-07-22T16:41:03", "taxonRank": "SPECIES", "kingdom": "Plantae", "phylum": "Tracheophyta", "class": "Magnoliopsida", "order": "Asterales", "family": "Asteraceae", "genus": "Sphagneticola", "species": "Sphagneticola trilobata", "recordedBy": "nhallancia", "coordinateUncertaintyInMeters": 26.0, "source": "GBIF", "district": "MIRAFLORES" }, "geometry": { "type": "Point", "coordinates": [ -77.036439, -12.127169 ] } },
{ "type": "Feature", "properties": { "scientificName": "Duranta erecta L.", "decimalLatitude": -12.124325, "decimalLongitude": -77.038117, "eventDate": "2025-08-05T15:25:54", "taxonRank": "SPECIES", "kingdom": "Plantae", "phylum": "Tracheophyta", "class": "Magnoliopsida", "order": "Lamiales", "family": "Verbenaceae", "genus": "Duranta", "species": "Duranta erecta", "recordedBy": "jeffbirdswatching", "coordinateUncertaintyInMeters": 14.0, "source": "GBIF", "district": "MIRAFLORES" }, "geometry": { "type": "Point", "coordinates": [ -77.038117, -12.124325 ] } },
{ "type": "Feature", "properties": { "scientificName": "Solanum americanum Mill.", "decimalLatitude": -12.109467, "decimalLongitude": -77.032481, "eventDate": "2025-08-07T12:52", "taxonRank": "SPECIES", "kingdom": "Plantae", "phylum": "Tracheophyta", "class": "Magnoliopsida", "order": "Solanales", "family": "Solanaceae", "genus": "Solanum", "species": "Solanum americanum", "recordedBy": "Eric Schmidt", "coordinateUncertaintyInMeters": null, "source": "GBIF", "district": "MIRAFLORES" }, "geometry": { "type": "Point", "coordinates": [ -77.032481, -12.109467 ] } },
{ "type": "Feature", "properties": { "scientificName": "Ipomoea indica (Burm.) Merr.", "decimalLatitude": -12.124769, "decimalLongitude": -77.037367, "eventDate": "2025-08-07T14:31", "taxonRank": "SPECIES", "kingdom": "Plantae", "phylum": "Tracheophyta", "class": "Magnoliopsida", "order": "Solanales", "family": "Convolvulaceae", "genus": "Ipomoea", "species": "Ipomoea indica", "recordedBy": "Eric Schmidt", "coordinateUncertaintyInMeters": null, "source": "GBIF", "district": "MIRAFLORES" }, "geometry": { "type": "Point", "coordinates": [ -77.037367, -12.124769 ] } },
{ "type": "Feature", "properties": { "scientificName": "Oxalis debilis Kunth", "decimalLatitude": -12.11215, "decimalLongitude": -77.033311, "eventDate": "2025-08-07T13:10", "taxonRank": "SPECIES", "kingdom": "Plantae", "phylum": "Tracheophyta", "class": "Magnoliopsida", "order": "Oxalidales", "family": "Oxalidaceae", "genus": "Oxalis", "species": "Oxalis debilis", "recordedBy": "Eric Schmidt", "coordinateUncertaintyInMeters": null, "source": "GBIF", "district": "MIRAFLORES" }, "geometry": { "type": "Point", "coordinates": [ -77.033311, -12.11215 ] } },
{ "type": "Feature", "properties": { "scientificName": "Ipomoea cairica (L.) Sweet", "decimalLatitude": -12.121298, "decimalLongitude": -77.039929, "eventDate": "2025-09-05T13:22:33", "taxonRank": "SPECIES", "kingdom": "Plantae", "phylum": "Tracheophyta", "class": "Magnoliopsida", "order": "Solanales", "family": "Convolvulaceae", "genus": "Ipomoea", "species": "Ipomoea cairica", "recordedBy": "Santiago Adolfo PAREDES MADRID", "coordinateUncertaintyInMeters": 17.0, "source": "GBIF", "district": "MIRAFLORES" }, "geometry": { "type": "Point", "coordinates": [ -77.039929, -12.121298 ] } },
{ "type": "Feature", "properties": { "scientificName": "Asclepias curassavica L.", "decimalLatitude": -12.122486, "decimalLongitude": -77.031354, "eventDate": "2025-09-21T01:21", "taxonRank": "SPECIES", "kingdom": "Plantae", "phylum": "Tracheophyta", "class": "Magnoliopsida", "order": "Gentianales", "family": "Apocynaceae", "genus": "Asclepias", "species": "Asclepias curassavica", "recordedBy": "Catalina Tong", "coordinateUncertaintyInMeters": 3945.0, "source": "GBIF", "district": "MIRAFLORES" }, "geometry": { "type": "Point", "coordinates": [ -77.031354, -12.122486 ] } },
{ "type": "Feature", "properties": { "scientificName": "Bougainvillea glabra Choisy", "decimalLatitude": -12.130138, "decimalLongitude": -77.033913, "eventDate": "2025-09-23T17:05:38", "taxonRank": "SPECIES", "kingdom": "Plantae", "phylum": "Tracheophyta", "class": "Magnoliopsida", "order": "Caryophyllales", "family": "Nyctaginaceae", "genus": "Bougainvillea", "species": "Bougainvillea glabra", "recordedBy": "Martin Roy", "coordinateUncertaintyInMeters": 6.0, "source": "GBIF", "district": "MIRAFLORES" }, "geometry": { "type": "Point", "coordinates": [ -77.033913, -12.130138 ] } },
{ "type": "Feature", "properties": { "scientificName": "Myoporum laetum G.Forst.", "decimalLatitude": -12.126843, "decimalLongitude": -77.03647, "eventDate": "2025-09-09T11:41:14", "taxonRank": "SPECIES", "kingdom": "Plantae", "phylum": "Tracheophyta", "class": "Magnoliopsida", "order": "Lamiales", "family": "Scrophulariaceae", "genus": "Myoporum", "species": "Myoporum laetum", "recordedBy": "tbonsack", "coordinateUncertaintyInMeters": 4.0, "source": "GBIF", "district": "MIRAFLORES" }, "geometry": { "type": "Point", "coordinates": [ -77.03647, -12.126843 ] } },
{ "type": "Feature", "properties": { "scientificName": "Lonicera japonica Thunb.", "decimalLatitude": -12.138022, "decimalLongitude": -77.027293, "eventDate": "2025-09-01T15:39:41", "taxonRank": "SPECIES", "kingdom": "Plantae", "phylum": "Tracheophyta", "class": "Magnoliopsida", "order": "Dipsacales", "family": "Caprifoliaceae", "genus": "Lonicera", "species": "Lonicera japonica", "recordedBy": "msmnificent", "coordinateUncertaintyInMeters": 23.0, "source": "GBIF", "district": "MIRAFLORES" }, "geometry": { "type": "Point", "coordinates": [ -77.027293, -12.138022 ] } },
{ "type": "Feature", "properties": { "scientificName": "Medicago lupulina L.", "decimalLatitude": -12.113518, "decimalLongitude": -77.040601, "eventDate": "2025-10-27T10:29:58", "taxonRank": "SPECIES", "kingdom": "Plantae", "phylum": "Tracheophyta", "class": "Magnoliopsida", "order": "Fabales", "family": "Fabaceae", "genus": "Medicago", "species": "Medicago lupulina", "recordedBy": "exceedfinch", "coordinateUncertaintyInMeters": 13.0, "source": "GBIF", "district": "MIRAFLORES" }, "geometry": { "type": "Point", "coordinates": [ -77.040601, -12.113518 ] } },
{ "type": "Feature", "properties": { "scientificName": "Pouteria lucuma (Ruiz & Pav.) Kuntze", "decimalLatitude": -12.110033, "decimalLongitude": -77.033818, "eventDate": "2025-10-03T13:21:48", "taxonRank": "SPECIES", "kingdom": "Plantae", "phylum": "Tracheophyta", "class": "Magnoliopsida", "order": "Ericales", "family": "Sapotaceae", "genus": "Pouteria", "species": "Pouteria lucuma", "recordedBy": "avazqu0898", "coordinateUncertaintyInMeters": 21.0, "source": "GBIF", "district": "MIRAFLORES" }, "geometry": { "type": "Point", "coordinates": [ -77.033818, -12.110033 ] } },
{ "type": "Feature", "properties": { "scientificName": "Taraxacum officinale Weber ex F.H.Wigg.", "decimalLatitude": -12.113578, "decimalLongitude": -77.040747, "eventDate": "2025-10-27T10:40:20", "taxonRank": "SPECIES", "kingdom": "Plantae", "phylum": "Tracheophyta", "class": "Magnoliopsida", "order": "Asterales", "family": "Asteraceae", "genus": "Taraxacum", "species": "Taraxacum officinale", "recordedBy": "Kaleb Burgess", "coordinateUncertaintyInMeters": 18.0, "source": "GBIF", "district": "MIRAFLORES" }, "geometry": { "type": "Point", "coordinates": [ -77.040747, -12.113578 ] } },
{ "type": "Feature", "properties": { "scientificName": "Ipomoea indica (Burm.) Merr.", "decimalLatitude": -12.116858, "decimalLongitude": -77.048019, "eventDate": "2025-11-12T15:47:11", "taxonRank": "SPECIES", "kingdom": "Plantae", "phylum": "Tracheophyta", "class": "Magnoliopsida", "order": "Solanales", "family": "Convolvulaceae", "genus": "Ipomoea", "species": "Ipomoea indica", "recordedBy": "André Ambrozio", "coordinateUncertaintyInMeters": 22.0, "source": "GBIF", "district": "MIRAFLORES" }, "geometry": { "type": "Point", "coordinates": [ -77.048019, -12.116858 ] } },
{ "type": "Feature", "properties": { "scientificName": "Heliotropium curassavicum L.", "decimalLatitude": -12.130113, "decimalLongitude": -77.03548, "eventDate": "2025-11-05T11:45:32", "taxonRank": "SPECIES", "kingdom": "Plantae", "phylum": "Tracheophyta", "class": "Magnoliopsida", "order": "Boraginales", "family": "Heliotropiaceae", "genus": "Heliotropium", "species": "Heliotropium curassavicum", "recordedBy": "Clarissa Rodriguez", "coordinateUncertaintyInMeters": 21.0, "source": "GBIF", "district": "MIRAFLORES" }, "geometry": { "type": "Point", "coordinates": [ -77.03548, -12.130113 ] } },
{ "type": "Feature", "properties": { "scientificName": "Lonicera japonica Thunb.", "decimalLatitude": -12.135483, "decimalLongitude": -77.024622, "eventDate": "2025-11-12T15:37:44", "taxonRank": "SPECIES", "kingdom": "Plantae", "phylum": "Tracheophyta", "class": "Magnoliopsida", "order": "Dipsacales", "family": "Caprifoliaceae", "genus": "Lonicera", "species": "Lonicera japonica", "recordedBy": "Ellky Arteta Paredes", "coordinateUncertaintyInMeters": null, "source": "GBIF", "district": "MIRAFLORES" }, "geometry": { "type": "Point", "coordinates": [ -77.024622, -12.135483 ] } },
{ "type": "Feature", "properties": { "scientificName": "Araucaria bidwillii Hook.", "decimalLatitude": -12.122111, "decimalLongitude": -77.029686, "eventDate": "2025-12-06T16:41:50", "taxonRank": "SPECIES", "kingdom": "Plantae", "phylum": "Tracheophyta", "class": "Pinopsida", "order": "Pinales", "family": "Araucariaceae", "genus": "Araucaria", "species": "Araucaria bidwillii", "recordedBy": "campc", "coordinateUncertaintyInMeters": 23.0, "source": "GBIF", "district": "MIRAFLORES" }, "geometry": { "type": "Point", "coordinates": [ -77.029686, -12.122111 ] } },
{ "type": "Feature", "properties": { "scientificName": "Agave cordillerensis Lodé & Pino", "decimalLatitude": -12.132758, "decimalLongitude": -77.02967, "eventDate": "2025-12-19T11:34:09", "taxonRank": "SPECIES", "kingdom": "Plantae", "phylum": "Tracheophyta", "class": "Liliopsida", "order": "Asparagales", "family": "Asparagaceae", "genus": "Agave", "species": "Agave americana", "recordedBy": "Charlie Fox-Whelpton", "coordinateUncertaintyInMeters": 11.0, "source": "GBIF", "district": "MIRAFLORES" }, "geometry": { "type": "Point", "coordinates": [ -77.02967, -12.132758 ] } },
{ "type": "Feature", "properties": { "scientificName": "Alternanthera halimifolia (Lam.) Standl. ex Pittier", "decimalLatitude": -12.130658, "decimalLongitude": -77.032608, "eventDate": "2024-01-24T07:10", "taxonRank": "SPECIES", "kingdom": "Plantae", "phylum": "Tracheophyta", "class": "Magnoliopsida", "order": "Caryophyllales", "family": "Amaranthaceae", "genus": "Alternanthera", "species": "Alternanthera halimifolia", "recordedBy": "Maël Taupin", "coordinateUncertaintyInMeters": null, "source": "GBIF", "district": "MIRAFLORES" }, "geometry": { "type": "Point", "coordinates": [ -77.032608, -12.130658 ] } },
{ "type": "Feature", "properties": { "scientificName": "Sphagneticola trilobata (L.) Pruski", "decimalLatitude": -12.130712, "decimalLongitude": -77.032532, "eventDate": "2024-01-24T07:09", "taxonRank": "SPECIES", "kingdom": "Plantae", "phylum": "Tracheophyta", "class": "Magnoliopsida", "order": "Asterales", "family": "Asteraceae", "genus": "Sphagneticola", "species": "Sphagneticola trilobata", "recordedBy": "Maël Taupin", "coordinateUncertaintyInMeters": null, "source": "GBIF", "district": "MIRAFLORES" }, "geometry": { "type": "Point", "coordinates": [ -77.032532, -12.130712 ] } },
{ "type": "Feature", "properties": { "scientificName": "Lonicera japonica Thunb.", "decimalLatitude": -12.111107, "decimalLongitude": -77.04771, "eventDate": "2024-02-20T09:30:29", "taxonRank": "SPECIES", "kingdom": "Plantae", "phylum": "Tracheophyta", "class": "Magnoliopsida", "order": "Dipsacales", "family": "Caprifoliaceae", "genus": "Lonicera", "species": "Lonicera japonica", "recordedBy": "landscapeinteractions", "coordinateUncertaintyInMeters": 35.0, "source": "GBIF", "district": "MIRAFLORES" }, "geometry": { "type": "Point", "coordinates": [ -77.04771, -12.111107 ] } },
{ "type": "Feature", "properties": { "scientificName": "Capsicum baccatum L.", "decimalLatitude": -12.111153, "decimalLongitude": -77.047711, "eventDate": "2024-02-20T09:31:22", "taxonRank": "SPECIES", "kingdom": "Plantae", "phylum": "Tracheophyta", "class": "Magnoliopsida", "order": "Solanales", "family": "Solanaceae", "genus": "Capsicum", "species": "Capsicum baccatum", "recordedBy": "landscapeinteractions", "coordinateUncertaintyInMeters": 35.0, "source": "GBIF", "district": "MIRAFLORES" }, "geometry": { "type": "Point", "coordinates": [ -77.047711, -12.111153 ] } },
{ "type": "Feature", "properties": { "scientificName": "Portulaca grandiflora Hook.", "decimalLatitude": -12.135742, "decimalLongitude": -77.025803, "eventDate": "2024-02-21T17:10", "taxonRank": "SPECIES", "kingdom": "Plantae", "phylum": "Tracheophyta", "class": "Magnoliopsida", "order": "Caryophyllales", "family": "Portulacaceae", "genus": "Portulaca", "species": "Portulaca grandiflora", "recordedBy": "Ellky Arteta Paredes", "coordinateUncertaintyInMeters": null, "source": "GBIF", "district": "MIRAFLORES" }, "geometry": { "type": "Point", "coordinates": [ -77.025803, -12.135742 ] } },
{ "type": "Feature", "properties": { "scientificName": "Lonicera japonica Thunb.", "decimalLatitude": -12.135111, "decimalLongitude": -77.024589, "eventDate": "2024-02-21T16:31:24", "taxonRank": "SPECIES", "kingdom": "Plantae", "phylum": "Tracheophyta", "class": "Magnoliopsida", "order": "Dipsacales", "family": "Caprifoliaceae", "genus": "Lonicera", "species": "Lonicera japonica", "recordedBy": "Ellky Arteta Paredes", "coordinateUncertaintyInMeters": null, "source": "GBIF", "district": "MIRAFLORES" }, "geometry": { "type": "Point", "coordinates": [ -77.024589, -12.135111 ] } },
{ "type": "Feature", "properties": { "scientificName": "Sapindus saponaria L.", "decimalLatitude": -12.135742, "decimalLongitude": -77.025803, "eventDate": "2024-02-21T17:10:28", "taxonRank": "SPECIES", "kingdom": "Plantae", "phylum": "Tracheophyta", "class": "Magnoliopsida", "order": "Sapindales", "family": "Sapindaceae", "genus": "Sapindus", "species": "Sapindus saponaria", "recordedBy": "Ellky Arteta Paredes", "coordinateUncertaintyInMeters": null, "source": "GBIF", "district": "MIRAFLORES" }, "geometry": { "type": "Point", "coordinates": [ -77.025803, -12.135742 ] } },
{ "type": "Feature", "properties": { "scientificName": "Portulaca oleracea L.", "decimalLatitude": -12.135575, "decimalLongitude": -77.025108, "eventDate": "2024-02-21T16:35:38", "taxonRank": "SPECIES", "kingdom": "Plantae", "phylum": "Tracheophyta", "class": "Magnoliopsida", "order": "Caryophyllales", "family": "Portulacaceae", "genus": "Portulaca", "species": "Portulaca oleracea", "recordedBy": "Ellky Arteta Paredes", "coordinateUncertaintyInMeters": null, "source": "GBIF", "district": "MIRAFLORES" }, "geometry": { "type": "Point", "coordinates": [ -77.025108, -12.135575 ] } },
{ "type": "Feature", "properties": { "scientificName": "Scaevola taccada (Gaertn.) Roxb.", "decimalLatitude": -12.135111, "decimalLongitude": -77.024589, "eventDate": "2024-02-21T16:30:46", "taxonRank": "SPECIES", "kingdom": "Plantae", "phylum": "Tracheophyta", "class": "Magnoliopsida", "order": "Asterales", "family": "Goodeniaceae", "genus": "Scaevola", "species": "Scaevola taccada", "recordedBy": "Ellky Arteta Paredes", "coordinateUncertaintyInMeters": null, "source": "GBIF", "district": "MIRAFLORES" }, "geometry": { "type": "Point", "coordinates": [ -77.024589, -12.135111 ] } },
{ "type": "Feature", "properties": { "scientificName": "Sphagneticola trilobata (L.) Pruski", "decimalLatitude": -12.127026, "decimalLongitude": -77.036544, "eventDate": "2024-05-05T15:57:41", "taxonRank": "SPECIES", "kingdom": "Plantae", "phylum": "Tracheophyta", "class": "Magnoliopsida", "order": "Asterales", "family": "Asteraceae", "genus": "Sphagneticola", "species": "Sphagneticola trilobata", "recordedBy": "Jacek Pietruszewski", "coordinateUncertaintyInMeters": null, "source": "GBIF", "district": "MIRAFLORES" }, "geometry": { "type": "Point", "coordinates": [ -77.036544, -12.127026 ] } },
{ "type": "Feature", "properties": { "scientificName": "Schinus terebinthifolia Raddi", "decimalLatitude": -12.126739, "decimalLongitude": -77.036716, "eventDate": "2024-05-05T15:59:52", "taxonRank": "SPECIES", "kingdom": "Plantae", "phylum": "Tracheophyta", "class": "Magnoliopsida", "order": "Sapindales", "family": "Anacardiaceae", "genus": "Schinus", "species": "Schinus terebinthifolia", "recordedBy": "Jacek Pietruszewski", "coordinateUncertaintyInMeters": null, "source": "GBIF", "district": "MIRAFLORES" }, "geometry": { "type": "Point", "coordinates": [ -77.036716, -12.126739 ] } },
{ "type": "Feature", "properties": { "scientificName": "Sphagneticola trilobata (L.) Pruski", "decimalLatitude": -12.111536, "decimalLongitude": -77.033211, "eventDate": "2024-05-29T11:22:53Z", "taxonRank": "SPECIES", "kingdom": "Plantae", "phylum": "Tracheophyta", "class": "Magnoliopsida", "order": "Asterales", "family": "Asteraceae", "genus": "Sphagneticola", "species": "Sphagneticola trilobata", "recordedBy": null, "coordinateUncertaintyInMeters": 7.0, "source": "GBIF", "district": "MIRAFLORES" }, "geometry": { "type": "Point", "coordinates": [ -77.033211, -12.111536 ] } },
{ "type": "Feature", "properties": { "scientificName": "Lonicera japonica Thunb.", "decimalLatitude": -12.129447, "decimalLongitude": -77.028232, "eventDate": "2024-05-04T10:33:49Z", "taxonRank": "SPECIES", "kingdom": "Plantae", "phylum": "Tracheophyta", "class": "Magnoliopsida", "order": "Dipsacales", "family": "Caprifoliaceae", "genus": "Lonicera", "species": "Lonicera japonica", "recordedBy": null, "coordinateUncertaintyInMeters": null, "source": "GBIF", "district": "MIRAFLORES" }, "geometry": { "type": "Point", "coordinates": [ -77.028232, -12.129447 ] } },
{ "type": "Feature", "properties": { "scientificName": "Tropaeolum majus", "decimalLatitude": -12.1376539577, "decimalLongitude": -77.027453347900007, "eventDate": "2026-07-22", "taxonRank": null, "kingdom": "Plantae", "phylum": null, "class": null, "order": null, "family": null, "genus": null, "species": null, "recordedBy": "mariangiordano", "coordinateUncertaintyInMeters": 14.0, "source": "iNaturalist", "district": "MIRAFLORES" }, "geometry": { "type": "Point", "coordinates": [ -77.027453347900007, -12.1376539577 ] } },
{ "type": "Feature", "properties": { "scientificName": "Ipomoea cairica", "decimalLatitude": -12.1236444444, "decimalLongitude": -77.040522222199996, "eventDate": "2026-07-28", "taxonRank": null, "kingdom": "Plantae", "phylum": null, "class": null, "order": null, "family": null, "genus": null, "species": null, "recordedBy": "sebas_o", "coordinateUncertaintyInMeters": null, "source": "iNaturalist", "district": "MIRAFLORES" }, "geometry": { "type": "Point", "coordinates": [ -77.040522222199996, -12.1236444444 ] } },
{ "type": "Feature", "properties": { "scientificName": "Ipomoea indica", "decimalLatitude": -12.1262333333, "decimalLongitude": -77.036577777800005, "eventDate": "2026-07-28", "taxonRank": null, "kingdom": "Plantae", "phylum": null, "class": null, "order": null, "family": null, "genus": null, "species": null, "recordedBy": "sebas_o", "coordinateUncertaintyInMeters": null, "source": "iNaturalist", "district": "MIRAFLORES" }, "geometry": { "type": "Point", "coordinates": [ -77.036577777800005, -12.1262333333 ] } },
{ "type": "Feature", "properties": { "scientificName": "Ipomoea nil", "decimalLatitude": -12.1120891571, "decimalLongitude": -77.051040649399994, "eventDate": "2026-07-18", "taxonRank": null, "kingdom": "Plantae", "phylum": null, "class": null, "order": null, "family": null, "genus": null, "species": null, "recordedBy": "arooj54", "coordinateUncertaintyInMeters": 2.0, "source": "iNaturalist", "district": "MIRAFLORES" }, "geometry": { "type": "Point", "coordinates": [ -77.051040649399994, -12.1120891571 ] } },
{ "type": "Feature", "properties": { "scientificName": "Schinus terebinthifolia", "decimalLatitude": -12.1229333475, "decimalLongitude": -77.034901032099995, "eventDate": "2026-07-13", "taxonRank": null, "kingdom": "Plantae", "phylum": null, "class": null, "order": null, "family": null, "genus": null, "species": null, "recordedBy": "elijah_okeefe", "coordinateUncertaintyInMeters": 24.0, "source": "iNaturalist", "district": "MIRAFLORES" }, "geometry": { "type": "Point", "coordinates": [ -77.034901032099995, -12.1229333475 ] } },
{ "type": "Feature", "properties": { "scientificName": "Ipomoea cairica", "decimalLatitude": -12.1277111061, "decimalLongitude": -77.035922307899995, "eventDate": "2026-07-12", "taxonRank": null, "kingdom": "Plantae", "phylum": null, "class": null, "order": null, "family": null, "genus": null, "species": null, "recordedBy": "elijah_okeefe", "coordinateUncertaintyInMeters": 14.0, "source": "iNaturalist", "district": "MIRAFLORES" }, "geometry": { "type": "Point", "coordinates": [ -77.035922307899995, -12.1277111061 ] } },
{ "type": "Feature", "properties": { "scientificName": "Ipomoea indica", "decimalLatitude": -12.127106531200001, "decimalLongitude": -77.035989032700002, "eventDate": "2026-07-12", "taxonRank": null, "kingdom": "Plantae", "phylum": null, "class": null, "order": null, "family": null, "genus": null, "species": null, "recordedBy": "elijah_okeefe", "coordinateUncertaintyInMeters": 36.0, "source": "iNaturalist", "district": "MIRAFLORES" }, "geometry": { "type": "Point", "coordinates": [ -77.035989032700002, -12.127106531200001 ] } },
{ "type": "Feature", "properties": { "scientificName": "Allamanda cathartica", "decimalLatitude": -12.12011037, "decimalLongitude": -77.04205078, "eventDate": "2026-05-14", "taxonRank": null, "kingdom": "Plantae", "phylum": null, "class": null, "order": null, "family": null, "genus": null, "species": null, "recordedBy": "erick_estrada", "coordinateUncertaintyInMeters": 3.0, "source": "iNaturalist", "district": "MIRAFLORES" }, "geometry": { "type": "Point", "coordinates": [ -77.04205078, -12.12011037 ] } },
{ "type": "Feature", "properties": { "scientificName": "Sphagneticola trilobata", "decimalLatitude": -12.1310361667, "decimalLongitude": -77.032227833299999, "eventDate": "2026-05-26", "taxonRank": null, "kingdom": "Plantae", "phylum": null, "class": null, "order": null, "family": null, "genus": null, "species": null, "recordedBy": "draleah", "coordinateUncertaintyInMeters": 21.0, "source": "iNaturalist", "district": "MIRAFLORES" }, "geometry": { "type": "Point", "coordinates": [ -77.032227833299999, -12.1310361667 ] } },
{ "type": "Feature", "properties": { "scientificName": "Bauhinia tomentosa", "decimalLatitude": -12.1326718, "decimalLongitude": -77.027342099699993, "eventDate": "2026-05-13", "taxonRank": null, "kingdom": "Plantae", "phylum": null, "class": null, "order": null, "family": null, "genus": null, "species": null, "recordedBy": "nextessentialdread", "coordinateUncertaintyInMeters": null, "source": "iNaturalist", "district": "MIRAFLORES" }, "geometry": { "type": "Point", "coordinates": [ -77.027342099699993, -12.1326718 ] } },
{ "type": "Feature", "properties": { "scientificName": "Sphagneticola trilobata", "decimalLatitude": -12.126890166700001, "decimalLongitude": -77.0363616944, "eventDate": "2026-05-07", "taxonRank": null, "kingdom": "Plantae", "phylum": null, "class": null, "order": null, "family": null, "genus": null, "species": null, "recordedBy": "benigno-gomez", "coordinateUncertaintyInMeters": null, "source": "iNaturalist", "district": "MIRAFLORES" }, "geometry": { "type": "Point", "coordinates": [ -77.0363616944, -12.126890166700001 ] } },
{ "type": "Feature", "properties": { "scientificName": "Agave attenuata", "decimalLatitude": -12.1100622052, "decimalLongitude": -77.033164925600005, "eventDate": "2026-04-30", "taxonRank": null, "kingdom": "Plantae", "phylum": null, "class": null, "order": null, "family": null, "genus": null, "species": null, "recordedBy": "fullmoonbloom", "coordinateUncertaintyInMeters": 17.0, "source": "iNaturalist", "district": "MIRAFLORES" }, "geometry": { "type": "Point", "coordinates": [ -77.033164925600005, -12.1100622052 ] } },
{ "type": "Feature", "properties": { "scientificName": "Passiflora ligularis", "decimalLatitude": -12.1295555, "decimalLongitude": -77.033913833300005, "eventDate": "2026-04-03", "taxonRank": null, "kingdom": "Plantae", "phylum": null, "class": null, "order": null, "family": null, "genus": null, "species": null, "recordedBy": "shriya_chamarty", "coordinateUncertaintyInMeters": 21.0, "source": "iNaturalist", "district": "MIRAFLORES" }, "geometry": { "type": "Point", "coordinates": [ -77.033913833300005, -12.1295555 ] } },
{ "type": "Feature", "properties": { "scientificName": "Ipomoea indica", "decimalLatitude": -12.1275861667, "decimalLongitude": -77.035508333300001, "eventDate": "2026-04-04", "taxonRank": null, "kingdom": "Plantae", "phylum": null, "class": null, "order": null, "family": null, "genus": null, "species": null, "recordedBy": "shriya_chamarty", "coordinateUncertaintyInMeters": 21.0, "source": "iNaturalist", "district": "MIRAFLORES" }, "geometry": { "type": "Point", "coordinates": [ -77.035508333300001, -12.1275861667 ] } },
{ "type": "Feature", "properties": { "scientificName": "Allamanda cathartica", "decimalLatitude": -12.116971257499999, "decimalLongitude": -77.041221569300006, "eventDate": "2026-04-05", "taxonRank": null, "kingdom": "Plantae", "phylum": null, "class": null, "order": null, "family": null, "genus": null, "species": null, "recordedBy": "unirse_rodrigo_revilla_calle", "coordinateUncertaintyInMeters": 8.0, "source": "iNaturalist", "district": "MIRAFLORES" }, "geometry": { "type": "Point", "coordinates": [ -77.041221569300006, -12.116971257499999 ] } },
{ "type": "Feature", "properties": { "scientificName": "Schinus terebinthifolia", "decimalLatitude": -12.1272544275, "decimalLongitude": -77.036561925000001, "eventDate": "2026-03-24", "taxonRank": null, "kingdom": "Plantae", "phylum": null, "class": null, "order": null, "family": null, "genus": null, "species": null, "recordedBy": "betsysnow", "coordinateUncertaintyInMeters": 8.0, "source": "iNaturalist", "district": "MIRAFLORES" }, "geometry": { "type": "Point", "coordinates": [ -77.036561925, -12.1272544275 ] } },
{ "type": "Feature", "properties": { "scientificName": "Ipomoea indica", "decimalLatitude": -12.1247694444, "decimalLongitude": -77.037366666699995, "eventDate": "2025-08-07", "taxonRank": null, "kingdom": "Plantae", "phylum": null, "class": null, "order": null, "family": null, "genus": null, "species": null, "recordedBy": "eric-schmitty", "coordinateUncertaintyInMeters": null, "source": "iNaturalist", "district": "MIRAFLORES" }, "geometry": { "type": "Point", "coordinates": [ -77.037366666699995, -12.1247694444 ] } },
{ "type": "Feature", "properties": { "scientificName": "Oxalis debilis", "decimalLatitude": -12.11215, "decimalLongitude": -77.033311111100005, "eventDate": "2025-08-07", "taxonRank": null, "kingdom": "Plantae", "phylum": null, "class": null, "order": null, "family": null, "genus": null, "species": null, "recordedBy": "eric-schmitty", "coordinateUncertaintyInMeters": null, "source": "iNaturalist", "district": "MIRAFLORES" }, "geometry": { "type": "Point", "coordinates": [ -77.033311111100005, -12.11215 ] } },
{ "type": "Feature", "properties": { "scientificName": "Solanum americanum", "decimalLatitude": -12.109466666699999, "decimalLongitude": -77.032480555600003, "eventDate": "2025-08-07", "taxonRank": null, "kingdom": "Plantae", "phylum": null, "class": null, "order": null, "family": null, "genus": null, "species": null, "recordedBy": "eric-schmitty", "coordinateUncertaintyInMeters": null, "source": "iNaturalist", "district": "MIRAFLORES" }, "geometry": { "type": "Point", "coordinates": [ -77.032480555600003, -12.109466666699999 ] } },
{ "type": "Feature", "properties": { "scientificName": "Ipomoea indica", "decimalLatitude": -12.1198904511, "decimalLongitude": -77.0456228834, "eventDate": "2014-03-25", "taxonRank": null, "kingdom": "Plantae", "phylum": null, "class": null, "order": null, "family": null, "genus": null, "species": null, "recordedBy": "elprofer", "coordinateUncertaintyInMeters": 61.0, "source": "iNaturalist", "district": "MIRAFLORES" }, "geometry": { "type": "Point", "coordinates": [ -77.0456228834, -12.1198904511 ] } },
{ "type": "Feature", "properties": { "scientificName": "Stellaria media", "decimalLatitude": -12.119136506, "decimalLongitude": -77.029883074599994, "eventDate": "2026-03-15", "taxonRank": null, "kingdom": "Plantae", "phylum": null, "class": null, "order": null, "family": null, "genus": null, "species": null, "recordedBy": "elliotgreiner", "coordinateUncertaintyInMeters": 23.0, "source": "iNaturalist", "district": "MIRAFLORES" }, "geometry": { "type": "Point", "coordinates": [ -77.029883074599994, -12.119136506 ] } },
{ "type": "Feature", "properties": { "scientificName": "Oxalis debilis", "decimalLatitude": -12.1190607392, "decimalLongitude": -77.030353249200004, "eventDate": "2026-03-15", "taxonRank": null, "kingdom": "Plantae", "phylum": null, "class": null, "order": null, "family": null, "genus": null, "species": null, "recordedBy": "elliotgreiner", "coordinateUncertaintyInMeters": 21.0, "source": "iNaturalist", "district": "MIRAFLORES" }, "geometry": { "type": "Point", "coordinates": [ -77.030353249200004, -12.1190607392 ] } },
{ "type": "Feature", "properties": { "scientificName": "Oxalis corniculata", "decimalLatitude": -12.1189537613, "decimalLongitude": -77.030841714299996, "eventDate": "2026-03-15", "taxonRank": null, "kingdom": "Plantae", "phylum": null, "class": null, "order": null, "family": null, "genus": null, "species": null, "recordedBy": "elliotgreiner", "coordinateUncertaintyInMeters": 8.0, "source": "iNaturalist", "district": "MIRAFLORES" }, "geometry": { "type": "Point", "coordinates": [ -77.030841714299996, -12.1189537613 ] } },
{ "type": "Feature", "properties": { "scientificName": "Stellaria media", "decimalLatitude": -12.1190735613, "decimalLongitude": -77.031094110200002, "eventDate": "2026-03-15", "taxonRank": null, "kingdom": "Plantae", "phylum": null, "class": null, "order": null, "family": null, "genus": null, "species": null, "recordedBy": "elliotgreiner", "coordinateUncertaintyInMeters": 18.0, "source": "iNaturalist", "district": "MIRAFLORES" }, "geometry": { "type": "Point", "coordinates": [ -77.031094110200002, -12.1190735613 ] } },
{ "type": "Feature", "properties": { "scientificName": "Oxalis debilis", "decimalLatitude": -12.1191034835, "decimalLongitude": -77.031484956300005, "eventDate": "2026-03-15", "taxonRank": null, "kingdom": "Plantae", "phylum": null, "class": null, "order": null, "family": null, "genus": null, "species": null, "recordedBy": "elliotgreiner", "coordinateUncertaintyInMeters": 22.0, "source": "iNaturalist", "district": "MIRAFLORES" }, "geometry": { "type": "Point", "coordinates": [ -77.031484956300005, -12.1191034835 ] } },
{ "type": "Feature", "properties": { "scientificName": "Oxalis corniculata", "decimalLatitude": -12.119058352, "decimalLongitude": -77.032087454600003, "eventDate": "2026-03-15", "taxonRank": null, "kingdom": "Plantae", "phylum": null, "class": null, "order": null, "family": null, "genus": null, "species": null, "recordedBy": "elliotgreiner", "coordinateUncertaintyInMeters": 22.0, "source": "iNaturalist", "district": "MIRAFLORES" }, "geometry": { "type": "Point", "coordinates": [ -77.032087454600003, -12.119058352 ] } },
{ "type": "Feature", "properties": { "scientificName": "Oxalis corniculata", "decimalLatitude": -12.1190343304, "decimalLongitude": -77.032111386300002, "eventDate": "2026-03-15", "taxonRank": null, "kingdom": "Plantae", "phylum": null, "class": null, "order": null, "family": null, "genus": null, "species": null, "recordedBy": "elliotgreiner", "coordinateUncertaintyInMeters": 22.0, "source": "iNaturalist", "district": "MIRAFLORES" }, "geometry": { "type": "Point", "coordinates": [ -77.032111386300002, -12.1190343304 ] } },
{ "type": "Feature", "properties": { "scientificName": "Taraxacum officinale", "decimalLatitude": -12.119004330599999, "decimalLongitude": -77.032108996100007, "eventDate": "2026-03-15", "taxonRank": null, "kingdom": "Plantae", "phylum": null, "class": null, "order": null, "family": null, "genus": null, "species": null, "recordedBy": "elliotgreiner", "coordinateUncertaintyInMeters": 22.0, "source": "iNaturalist", "district": "MIRAFLORES" }, "geometry": { "type": "Point", "coordinates": [ -77.032108996100007, -12.119004330599999 ] } },
{ "type": "Feature", "properties": { "scientificName": "Oxalis corniculata", "decimalLatitude": -12.1190510608, "decimalLongitude": -77.032428900100001, "eventDate": "2026-03-15", "taxonRank": null, "kingdom": "Plantae", "phylum": null, "class": null, "order": null, "family": null, "genus": null, "species": null, "recordedBy": "elliotgreiner", "coordinateUncertaintyInMeters": 12.0, "source": "iNaturalist", "district": "MIRAFLORES" }, "geometry": { "type": "Point", "coordinates": [ -77.032428900100001, -12.1190510608 ] } },
{ "type": "Feature", "properties": { "scientificName": "Oxalis corniculata", "decimalLatitude": -12.1190707398, "decimalLongitude": -77.032691759100004, "eventDate": "2026-03-15", "taxonRank": null, "kingdom": "Plantae", "phylum": null, "class": null, "order": null, "family": null, "genus": null, "species": null, "recordedBy": "elliotgreiner", "coordinateUncertaintyInMeters": 23.0, "source": "iNaturalist", "district": "MIRAFLORES" }, "geometry": { "type": "Point", "coordinates": [ -77.032691759100004, -12.1190707398 ] } },
{ "type": "Feature", "properties": { "scientificName": "Oxalis corniculata", "decimalLatitude": -12.1189014427, "decimalLongitude": -77.033099401800001, "eventDate": "2026-03-15", "taxonRank": null, "kingdom": "Plantae", "phylum": null, "class": null, "order": null, "family": null, "genus": null, "species": null, "recordedBy": "elliotgreiner", "coordinateUncertaintyInMeters": 23.0, "source": "iNaturalist", "district": "MIRAFLORES" }, "geometry": { "type": "Point", "coordinates": [ -77.033099401800001, -12.1189014427 ] } },
{ "type": "Feature", "properties": { "scientificName": "Taraxacum officinale", "decimalLatitude": -12.119061477200001, "decimalLongitude": -77.034367056400001, "eventDate": "2026-03-15", "taxonRank": null, "kingdom": "Plantae", "phylum": null, "class": null, "order": null, "family": null, "genus": null, "species": null, "recordedBy": "elliotgreiner", "coordinateUncertaintyInMeters": 17.0, "source": "iNaturalist", "district": "MIRAFLORES" }, "geometry": { "type": "Point", "coordinates": [ -77.034367056400001, -12.119061477200001 ] } },
{ "type": "Feature", "properties": { "scientificName": "Oxalis corniculata", "decimalLatitude": -12.119033352700001, "decimalLongitude": -77.034356900700004, "eventDate": "2026-03-15", "taxonRank": null, "kingdom": "Plantae", "phylum": null, "class": null, "order": null, "family": null, "genus": null, "species": null, "recordedBy": "elliotgreiner", "coordinateUncertaintyInMeters": 15.0, "source": "iNaturalist", "district": "MIRAFLORES" }, "geometry": { "type": "Point", "coordinates": [ -77.034356900700004, -12.119033352700001 ] } },
{ "type": "Feature", "properties": { "scientificName": "Oxalis debilis", "decimalLatitude": -12.118959844300001, "decimalLongitude": -77.034545963599996, "eventDate": "2026-03-15", "taxonRank": null, "kingdom": "Plantae", "phylum": null, "class": null, "order": null, "family": null, "genus": null, "species": null, "recordedBy": "elliotgreiner", "coordinateUncertaintyInMeters": 30.0, "source": "iNaturalist", "district": "MIRAFLORES" }, "geometry": { "type": "Point", "coordinates": [ -77.034545963599996, -12.118959844300001 ] } },
{ "type": "Feature", "properties": { "scientificName": "Oxalis corniculata", "decimalLatitude": -12.119110102, "decimalLongitude": -77.033802812600001, "eventDate": "2026-03-15", "taxonRank": null, "kingdom": "Plantae", "phylum": null, "class": null, "order": null, "family": null, "genus": null, "species": null, "recordedBy": "elliotgreiner", "coordinateUncertaintyInMeters": 13.0, "source": "iNaturalist", "district": "MIRAFLORES" }, "geometry": { "type": "Point", "coordinates": [ -77.033802812600001, -12.119110102 ] } },
{ "type": "Feature", "properties": { "scientificName": "Oxalis corniculata", "decimalLatitude": -12.1191690078, "decimalLongitude": -77.033562137499999, "eventDate": "2026-03-15", "taxonRank": null, "kingdom": "Plantae", "phylum": null, "class": null, "order": null, "family": null, "genus": null, "species": null, "recordedBy": "elliotgreiner", "coordinateUncertaintyInMeters": 19.0, "source": "iNaturalist", "district": "MIRAFLORES" }, "geometry": { "type": "Point", "coordinates": [ -77.033562137499999, -12.1191690078 ] } },
{ "type": "Feature", "properties": { "scientificName": "Trifolium repens", "decimalLatitude": -12.1191436264, "decimalLongitude": -77.032805326800002, "eventDate": "2026-03-15", "taxonRank": null, "kingdom": "Plantae", "phylum": null, "class": null, "order": null, "family": null, "genus": null, "species": null, "recordedBy": "elliotgreiner", "coordinateUncertaintyInMeters": 12.0, "source": "iNaturalist", "district": "MIRAFLORES" }, "geometry": { "type": "Point", "coordinates": [ -77.032805326800002, -12.1191436264 ] } },
{ "type": "Feature", "properties": { "scientificName": "Stellaria media", "decimalLatitude": -12.118879812299999, "decimalLongitude": -77.030570742699993, "eventDate": "2026-03-15", "taxonRank": null, "kingdom": "Plantae", "phylum": null, "class": null, "order": null, "family": null, "genus": null, "species": null, "recordedBy": "elliotgreiner", "coordinateUncertaintyInMeters": 30.0, "source": "iNaturalist", "district": "MIRAFLORES" }, "geometry": { "type": "Point", "coordinates": [ -77.030570742699993, -12.118879812299999 ] } },
{ "type": "Feature", "properties": { "scientificName": "Euphorbia peplus", "decimalLatitude": -12.118874914, "decimalLongitude": -77.030084179799999, "eventDate": "2026-03-15", "taxonRank": null, "kingdom": "Plantae", "phylum": null, "class": null, "order": null, "family": null, "genus": null, "species": null, "recordedBy": "elliotgreiner", "coordinateUncertaintyInMeters": 23.0, "source": "iNaturalist", "district": "MIRAFLORES" }, "geometry": { "type": "Point", "coordinates": [ -77.030084179799999, -12.118874914 ] } },
{ "type": "Feature", "properties": { "scientificName": "Ruellia simplex", "decimalLatitude": -12.1064324343, "decimalLongitude": -77.030028396000006, "eventDate": "2026-03-14", "taxonRank": null, "kingdom": "Plantae", "phylum": null, "class": null, "order": null, "family": null, "genus": null, "species": null, "recordedBy": "elliotgreiner", "coordinateUncertaintyInMeters": 18.0, "source": "iNaturalist", "district": "MIRAFLORES" }, "geometry": { "type": "Point", "coordinates": [ -77.030028396, -12.1064324343 ] } },
{ "type": "Feature", "properties": { "scientificName": "Taraxacum officinale", "decimalLatitude": -12.128861323000001, "decimalLongitude": -77.029819814600003, "eventDate": "2026-03-13", "taxonRank": null, "kingdom": "Plantae", "phylum": null, "class": null, "order": null, "family": null, "genus": null, "species": null, "recordedBy": "elliotgreiner", "coordinateUncertaintyInMeters": 22.0, "source": "iNaturalist", "district": "MIRAFLORES" }, "geometry": { "type": "Point", "coordinates": [ -77.029819814600003, -12.128861323 ] } },
{ "type": "Feature", "properties": { "scientificName": "Amaranthus blitum", "decimalLatitude": -12.127952431300001, "decimalLongitude": -77.035166798199995, "eventDate": "2026-03-13", "taxonRank": null, "kingdom": "Plantae", "phylum": null, "class": null, "order": null, "family": null, "genus": null, "species": null, "recordedBy": "elliotgreiner", "coordinateUncertaintyInMeters": 21.0, "source": "iNaturalist", "district": "MIRAFLORES" }, "geometry": { "type": "Point", "coordinates": [ -77.035166798199995, -12.127952431300001 ] } },
{ "type": "Feature", "properties": { "scientificName": "Antigonon leptopus", "decimalLatitude": -12.112519, "decimalLongitude": -77.0330669, "eventDate": "2026-03-07", "taxonRank": null, "kingdom": "Plantae", "phylum": null, "class": null, "order": null, "family": null, "genus": null, "species": null, "recordedBy": "danplant", "coordinateUncertaintyInMeters": null, "source": "iNaturalist", "district": "MIRAFLORES" }, "geometry": { "type": "Point", "coordinates": [ -77.0330669, -12.112519 ] } },
{ "type": "Feature", "properties": { "scientificName": "Heliotropium curassavicum", "decimalLatitude": -12.127978537300001, "decimalLongitude": -77.036264765200002, "eventDate": "2026-02-21", "taxonRank": null, "kingdom": "Plantae", "phylum": null, "class": null, "order": null, "family": null, "genus": null, "species": null, "recordedBy": "hubertszcz", "coordinateUncertaintyInMeters": 8.0, "source": "iNaturalist", "district": "MIRAFLORES" }, "geometry": { "type": "Point", "coordinates": [ -77.036264765200002, -12.127978537300001 ] } },
{ "type": "Feature", "properties": { "scientificName": "Asclepias curassavica", "decimalLatitude": -12.1214221667, "decimalLongitude": -77.027686166699993, "eventDate": "2026-02-23", "taxonRank": null, "kingdom": "Plantae", "phylum": null, "class": null, "order": null, "family": null, "genus": null, "species": null, "recordedBy": "jeremy_grossman", "coordinateUncertaintyInMeters": 4.0, "source": "iNaturalist", "district": "MIRAFLORES" }, "geometry": { "type": "Point", "coordinates": [ -77.027686166699993, -12.1214221667 ] } },
{ "type": "Feature", "properties": { "scientificName": "Ipomoea cairica", "decimalLatitude": -12.1178244211, "decimalLongitude": -77.046174237900004, "eventDate": "2026-02-21", "taxonRank": null, "kingdom": "Plantae", "phylum": null, "class": null, "order": null, "family": null, "genus": null, "species": null, "recordedBy": "shaneweisz", "coordinateUncertaintyInMeters": 14.0, "source": "iNaturalist", "district": "MIRAFLORES" }, "geometry": { "type": "Point", "coordinates": [ -77.046174237900004, -12.1178244211 ] } },
{ "type": "Feature", "properties": { "scientificName": "Ipomoea indica", "decimalLatitude": -12.131244240099999, "decimalLongitude": -77.031430267800005, "eventDate": "2026-02-16", "taxonRank": null, "kingdom": "Plantae", "phylum": null, "class": null, "order": null, "family": null, "genus": null, "species": null, "recordedBy": "elliotgreiner", "coordinateUncertaintyInMeters": 27.0, "source": "iNaturalist", "district": "MIRAFLORES" }, "geometry": { "type": "Point", "coordinates": [ -77.031430267800005, -12.131244240099999 ] } },
{ "type": "Feature", "properties": { "scientificName": "Stellaria media", "decimalLatitude": -12.120415369, "decimalLongitude": -77.034883121600004, "eventDate": "2026-02-16", "taxonRank": null, "kingdom": "Plantae", "phylum": null, "class": null, "order": null, "family": null, "genus": null, "species": null, "recordedBy": "elliotgreiner", "coordinateUncertaintyInMeters": 17.0, "source": "iNaturalist", "district": "MIRAFLORES" }, "geometry": { "type": "Point", "coordinates": [ -77.034883121600004, -12.120415369 ] } },
{ "type": "Feature", "properties": { "scientificName": "Oxalis debilis", "decimalLatitude": -12.1119294572, "decimalLongitude": -77.043514922300005, "eventDate": "2026-02-06", "taxonRank": null, "kingdom": "Plantae", "phylum": null, "class": null, "order": null, "family": null, "genus": null, "species": null, "recordedBy": "jocean", "coordinateUncertaintyInMeters": 6.0, "source": "iNaturalist", "district": "MIRAFLORES" }, "geometry": { "type": "Point", "coordinates": [ -77.043514922300005, -12.1119294572 ] } },
{ "type": "Feature", "properties": { "scientificName": "Nicandra physalodes", "decimalLatitude": -12.1190553553, "decimalLongitude": -77.038540430400005, "eventDate": "2026-02-06", "taxonRank": null, "kingdom": "Plantae", "phylum": null, "class": null, "order": null, "family": null, "genus": null, "species": null, "recordedBy": "jocean", "coordinateUncertaintyInMeters": 6.0, "source": "iNaturalist", "district": "MIRAFLORES" }, "geometry": { "type": "Point", "coordinates": [ -77.038540430400005, -12.1190553553 ] } },
{ "type": "Feature", "properties": { "scientificName": "Datura stramonium", "decimalLatitude": -12.1110286262, "decimalLongitude": -77.043235637199999, "eventDate": "2026-02-06", "taxonRank": null, "kingdom": "Plantae", "phylum": null, "class": null, "order": null, "family": null, "genus": null, "species": null, "recordedBy": "jocean", "coordinateUncertaintyInMeters": 6.0, "source": "iNaturalist", "district": "MIRAFLORES" }, "geometry": { "type": "Point", "coordinates": [ -77.043235637199999, -12.1110286262 ] } },
{ "type": "Feature", "properties": { "scientificName": "Physalis peruviana", "decimalLatitude": -12.119106820500001, "decimalLongitude": -77.040147744099997, "eventDate": "2026-02-06", "taxonRank": null, "kingdom": "Plantae", "phylum": null, "class": null, "order": null, "family": null, "genus": null, "species": null, "recordedBy": "jocean", "coordinateUncertaintyInMeters": 6.0, "source": "iNaturalist", "district": "MIRAFLORES" }, "geometry": { "type": "Point", "coordinates": [ -77.040147744099997, -12.119106820500001 ] } },
{ "type": "Feature", "properties": { "scientificName": "Ipomoea indica", "decimalLatitude": -12.1261805, "decimalLongitude": -77.036841666699999, "eventDate": "2025-02-17", "taxonRank": null, "kingdom": "Plantae", "phylum": null, "class": null, "order": null, "family": null, "genus": null, "species": null, "recordedBy": "speciesexplorer", "coordinateUncertaintyInMeters": 21.0, "source": "iNaturalist", "district": "MIRAFLORES" }, "geometry": { "type": "Point", "coordinates": [ -77.036841666699999, -12.1261805 ] } },
{ "type": "Feature", "properties": { "scientificName": "Lonicera japonica", "decimalLatitude": -12.113444761, "decimalLongitude": -77.030906490999996, "eventDate": "2026-01-17", "taxonRank": null, "kingdom": "Plantae", "phylum": null, "class": null, "order": null, "family": null, "genus": null, "species": null, "recordedBy": "davitejon", "coordinateUncertaintyInMeters": 537.0, "source": "iNaturalist", "district": "MIRAFLORES" }, "geometry": { "type": "Point", "coordinates": [ -77.030906491, -12.113444761 ] } },
{ "type": "Feature", "properties": { "scientificName": "Schinus terebinthifolia", "decimalLatitude": -12.1269842134, "decimalLongitude": -77.033814751700007, "eventDate": "2026-01-17", "taxonRank": null, "kingdom": "Plantae", "phylum": null, "class": null, "order": null, "family": null, "genus": null, "species": null, "recordedBy": "davitejon", "coordinateUncertaintyInMeters": 425.0, "source": "iNaturalist", "district": "MIRAFLORES" }, "geometry": { "type": "Point", "coordinates": [ -77.033814751700007, -12.1269842134 ] } },
{ "type": "Feature", "properties": { "scientificName": "Ipomoea indica", "decimalLatitude": -12.1271471667, "decimalLongitude": -77.036413833300003, "eventDate": "2025-06-18", "taxonRank": null, "kingdom": "Plantae", "phylum": null, "class": null, "order": null, "family": null, "genus": null, "species": null, "recordedBy": "julio_campis", "coordinateUncertaintyInMeters": 6.0, "source": "iNaturalist", "district": "MIRAFLORES" }, "geometry": { "type": "Point", "coordinates": [ -77.036413833300003, -12.1271471667 ] } },
{ "type": "Feature", "properties": { "scientificName": "Schinus terebinthifolia", "decimalLatitude": -12.1216555, "decimalLongitude": -77.030066666699994, "eventDate": "2025-06-18", "taxonRank": null, "kingdom": "Plantae", "phylum": null, "class": null, "order": null, "family": null, "genus": null, "species": null, "recordedBy": "julio_campis", "coordinateUncertaintyInMeters": 12.0, "source": "iNaturalist", "district": "MIRAFLORES" }, "geometry": { "type": "Point", "coordinates": [ -77.030066666699994, -12.1216555 ] } },
{ "type": "Feature", "properties": { "scientificName": "Ipomoea indica", "decimalLatitude": -12.1184607182, "decimalLongitude": -77.045373022600003, "eventDate": "2011-06-10", "taxonRank": null, "kingdom": "Plantae", "phylum": null, "class": null, "order": null, "family": null, "genus": null, "species": null, "recordedBy": "tomnatprairie", "coordinateUncertaintyInMeters": 74.0, "source": "iNaturalist", "district": "MIRAFLORES" }, "geometry": { "type": "Point", "coordinates": [ -77.045373022600003, -12.1184607182 ] } },
{ "type": "Feature", "properties": { "scientificName": "Agave cordillerensis", "decimalLatitude": -12.132757805300001, "decimalLongitude": -77.029669546400001, "eventDate": "2025-12-19", "taxonRank": null, "kingdom": "Plantae", "phylum": null, "class": null, "order": null, "family": null, "genus": null, "species": null, "recordedBy": "cfoxwhelpton", "coordinateUncertaintyInMeters": 11.0, "source": "iNaturalist", "district": "MIRAFLORES" }, "geometry": { "type": "Point", "coordinates": [ -77.029669546400001, -12.132757805300001 ] } },
{ "type": "Feature", "properties": { "scientificName": "Asclepias curassavica", "decimalLatitude": -12.1190419153, "decimalLongitude": -77.039205282899999, "eventDate": "2025-12-13", "taxonRank": null, "kingdom": "Plantae", "phylum": null, "class": null, "order": null, "family": null, "genus": null, "species": null, "recordedBy": "ciclolibres", "coordinateUncertaintyInMeters": 28.0, "source": "iNaturalist", "district": "MIRAFLORES" }, "geometry": { "type": "Point", "coordinates": [ -77.039205282899999, -12.1190419153 ] } },
{ "type": "Feature", "properties": { "scientificName": "Araucaria bidwillii", "decimalLatitude": -12.1221111667, "decimalLongitude": -77.029686166700003, "eventDate": "2025-12-06", "taxonRank": null, "kingdom": "Plantae", "phylum": null, "class": null, "order": null, "family": null, "genus": null, "species": null, "recordedBy": "campc", "coordinateUncertaintyInMeters": 23.0, "source": "iNaturalist", "district": "MIRAFLORES" }, "geometry": { "type": "Point", "coordinates": [ -77.029686166700003, -12.1221111667 ] } },
{ "type": "Feature", "properties": { "scientificName": "Myoporum laetum", "decimalLatitude": -12.126843303499999, "decimalLongitude": -77.036469911500006, "eventDate": "2025-09-09", "taxonRank": null, "kingdom": "Plantae", "phylum": null, "class": null, "order": null, "family": null, "genus": null, "species": null, "recordedBy": "tbonsack", "coordinateUncertaintyInMeters": 4.0, "source": "iNaturalist", "district": "MIRAFLORES" }, "geometry": { "type": "Point", "coordinates": [ -77.036469911500006, -12.126843303499999 ] } },
{ "type": "Feature", "properties": { "scientificName": "Ipomoea indica", "decimalLatitude": -12.1168583333, "decimalLongitude": -77.0480195, "eventDate": "2025-11-12", "taxonRank": null, "kingdom": "Plantae", "phylum": null, "class": null, "order": null, "family": null, "genus": null, "species": null, "recordedBy": "andre_ambrozio", "coordinateUncertaintyInMeters": 22.0, "source": "iNaturalist", "district": "MIRAFLORES" }, "geometry": { "type": "Point", "coordinates": [ -77.0480195, -12.1168583333 ] } },
{ "type": "Feature", "properties": { "scientificName": "Lonicera japonica", "decimalLatitude": -12.1354833333, "decimalLongitude": -77.024622222199994, "eventDate": "2025-11-12", "taxonRank": null, "kingdom": "Plantae", "phylum": null, "class": null, "order": null, "family": null, "genus": null, "species": null, "recordedBy": "ellky", "coordinateUncertaintyInMeters": null, "source": "iNaturalist", "district": "MIRAFLORES" }, "geometry": { "type": "Point", "coordinates": [ -77.024622222199994, -12.1354833333 ] } },
{ "type": "Feature", "properties": { "scientificName": "Heliotropium curassavicum", "decimalLatitude": -12.130112866899999, "decimalLongitude": -77.035480197599995, "eventDate": "2025-11-05", "taxonRank": null, "kingdom": "Plantae", "phylum": null, "class": null, "order": null, "family": null, "genus": null, "species": null, "recordedBy": "clarissarodd", "coordinateUncertaintyInMeters": 21.0, "source": "iNaturalist", "district": "MIRAFLORES" }, "geometry": { "type": "Point", "coordinates": [ -77.035480197599995, -12.130112866899999 ] } },
{ "type": "Feature", "properties": { "scientificName": "Ipomoea indica", "decimalLatitude": -12.115166818000001, "decimalLongitude": -77.049172919599997, "eventDate": "2011-11-30", "taxonRank": null, "kingdom": "Plantae", "phylum": null, "class": null, "order": null, "family": null, "genus": null, "species": null, "recordedBy": "russellbarrett", "coordinateUncertaintyInMeters": 117.0, "source": "iNaturalist", "district": "MIRAFLORES" }, "geometry": { "type": "Point", "coordinates": [ -77.049172919599997, -12.115166818 ] } },
{ "type": "Feature", "properties": { "scientificName": "Medicago lupulina", "decimalLatitude": -12.1135182217, "decimalLongitude": -77.0406008251, "eventDate": "2025-10-27", "taxonRank": null, "kingdom": "Plantae", "phylum": null, "class": null, "order": null, "family": null, "genus": null, "species": null, "recordedBy": "exceedfinch", "coordinateUncertaintyInMeters": 13.0, "source": "iNaturalist", "district": "MIRAFLORES" }, "geometry": { "type": "Point", "coordinates": [ -77.0406008251, -12.1135182217 ] } },
{ "type": "Feature", "properties": { "scientificName": "Taraxacum officinale", "decimalLatitude": -12.1135775003, "decimalLongitude": -77.040747108000005, "eventDate": "2025-10-27", "taxonRank": null, "kingdom": "Plantae", "phylum": null, "class": null, "order": null, "family": null, "genus": null, "species": null, "recordedBy": "shadowash", "coordinateUncertaintyInMeters": 18.0, "source": "iNaturalist", "district": "MIRAFLORES" }, "geometry": { "type": "Point", "coordinates": [ -77.040747108, -12.1135775003 ] } },
{ "type": "Feature", "properties": { "scientificName": "Agave attenuata", "decimalLatitude": -12.1325311661, "decimalLongitude": -77.025825500500005, "eventDate": "2025-10-19", "taxonRank": null, "kingdom": "Plantae", "phylum": null, "class": null, "order": null, "family": null, "genus": null, "species": null, "recordedBy": "cdfleischer", "coordinateUncertaintyInMeters": 5.0, "source": "iNaturalist", "district": "MIRAFLORES" }, "geometry": { "type": "Point", "coordinates": [ -77.025825500500005, -12.1325311661 ] } },
{ "type": "Feature", "properties": { "scientificName": "Myoporum laetum", "decimalLatitude": -12.1211169, "decimalLongitude": -77.0432332, "eventDate": "2025-10-16", "taxonRank": null, "kingdom": "Plantae", "phylum": null, "class": null, "order": null, "family": null, "genus": null, "species": null, "recordedBy": "angel457", "coordinateUncertaintyInMeters": null, "source": "iNaturalist", "district": "MIRAFLORES" }, "geometry": { "type": "Point", "coordinates": [ -77.0432332, -12.1211169 ] } },
{ "type": "Feature", "properties": { "scientificName": "Veronica persica", "decimalLatitude": -12.121132641100001, "decimalLongitude": -77.011957727400002, "eventDate": "2019-01-01", "taxonRank": null, "kingdom": "Plantae", "phylum": null, "class": null, "order": null, "family": null, "genus": null, "species": null, "recordedBy": "gabedelatorre", "coordinateUncertaintyInMeters": 316.0, "source": "iNaturalist", "district": "MIRAFLORES" }, "geometry": { "type": "Point", "coordinates": [ -77.011957727400002, -12.121132641100001 ] } },
{ "type": "Feature", "properties": { "scientificName": "Asclepias curassavica", "decimalLatitude": -12.119667036799999, "decimalLongitude": -77.009682878899994, "eventDate": "2019-04-09", "taxonRank": null, "kingdom": "Plantae", "phylum": null, "class": null, "order": null, "family": null, "genus": null, "species": null, "recordedBy": "gabedelatorre", "coordinateUncertaintyInMeters": 92.0, "source": "iNaturalist", "district": "MIRAFLORES" }, "geometry": { "type": "Point", "coordinates": [ -77.009682878899994, -12.119667036799999 ] } },
{ "type": "Feature", "properties": { "scientificName": "Pouteria lucuma", "decimalLatitude": -12.110032718599999, "decimalLongitude": -77.033818233800005, "eventDate": "2025-10-03", "taxonRank": null, "kingdom": "Plantae", "phylum": null, "class": null, "order": null, "family": null, "genus": null, "species": null, "recordedBy": "avazqu0898", "coordinateUncertaintyInMeters": 21.0, "source": "iNaturalist", "district": "MIRAFLORES" }, "geometry": { "type": "Point", "coordinates": [ -77.033818233800005, -12.110032718599999 ] } },
{ "type": "Feature", "properties": { "scientificName": "Bougainvillea glabra", "decimalLatitude": -12.1301376773, "decimalLongitude": -77.033912949300003, "eventDate": "2025-09-23", "taxonRank": null, "kingdom": "Plantae", "phylum": null, "class": null, "order": null, "family": null, "genus": null, "species": null, "recordedBy": "lehuart", "coordinateUncertaintyInMeters": 6.0, "source": "iNaturalist", "district": "MIRAFLORES" }, "geometry": { "type": "Point", "coordinates": [ -77.033912949300003, -12.1301376773 ] } },
{ "type": "Feature", "properties": { "scientificName": "Asclepias curassavica", "decimalLatitude": -12.122486, "decimalLongitude": -77.0313539, "eventDate": "2025-09-21", "taxonRank": null, "kingdom": "Plantae", "phylum": null, "class": null, "order": null, "family": null, "genus": null, "species": null, "recordedBy": "catalinatong", "coordinateUncertaintyInMeters": 3945.0, "source": "iNaturalist", "district": "MIRAFLORES" }, "geometry": { "type": "Point", "coordinates": [ -77.0313539, -12.122486 ] } },
{ "type": "Feature", "properties": { "scientificName": "Ipomoea cairica", "decimalLatitude": -12.121297991, "decimalLongitude": -77.039928616699996, "eventDate": "2025-09-05", "taxonRank": null, "kingdom": "Plantae", "phylum": null, "class": null, "order": null, "family": null, "genus": null, "species": null, "recordedBy": "santiago_adolfo", "coordinateUncertaintyInMeters": 17.0, "source": "iNaturalist", "district": "MIRAFLORES" }, "geometry": { "type": "Point", "coordinates": [ -77.039928616699996, -12.121297991 ] } },
{ "type": "Feature", "properties": { "scientificName": "Lonicera japonica", "decimalLatitude": -12.1380220909, "decimalLongitude": -77.027293181299996, "eventDate": "2025-09-01", "taxonRank": null, "kingdom": "Plantae", "phylum": null, "class": null, "order": null, "family": null, "genus": null, "species": null, "recordedBy": "msmnificent", "coordinateUncertaintyInMeters": 23.0, "source": "iNaturalist", "district": "MIRAFLORES" }, "geometry": { "type": "Point", "coordinates": [ -77.027293181299996, -12.1380220909 ] } },
{ "type": "Feature", "properties": { "scientificName": "Duranta erecta", "decimalLatitude": -12.124325, "decimalLongitude": -77.038116666700006, "eventDate": "2025-08-05", "taxonRank": null, "kingdom": "Plantae", "phylum": null, "class": null, "order": null, "family": null, "genus": null, "species": null, "recordedBy": "jeffbirdswatching", "coordinateUncertaintyInMeters": 14.0, "source": "iNaturalist", "district": "MIRAFLORES" }, "geometry": { "type": "Point", "coordinates": [ -77.038116666700006, -12.124325 ] } },
{ "type": "Feature", "properties": { "scientificName": "Calodendrum capense", "decimalLatitude": -12.118743446, "decimalLongitude": -77.044702514199997, "eventDate": "2025-07-29", "taxonRank": null, "kingdom": "Plantae", "phylum": null, "class": null, "order": null, "family": null, "genus": null, "species": null, "recordedBy": "nadia_ponce", "coordinateUncertaintyInMeters": 32.0, "source": "iNaturalist", "district": "MIRAFLORES" }, "geometry": { "type": "Point", "coordinates": [ -77.044702514199997, -12.118743446 ] } },
{ "type": "Feature", "properties": { "scientificName": "Ipomoea cairica", "decimalLatitude": -12.135825799699999, "decimalLongitude": -77.0253454, "eventDate": "2025-07-28", "taxonRank": null, "kingdom": "Plantae", "phylum": null, "class": null, "order": null, "family": null, "genus": null, "species": null, "recordedBy": "ealdana_geo", "coordinateUncertaintyInMeters": null, "source": "iNaturalist", "district": "MIRAFLORES" }, "geometry": { "type": "Point", "coordinates": [ -77.0253454, -12.135825799699999 ] } },
{ "type": "Feature", "properties": { "scientificName": "Ipomoea indica", "decimalLatitude": -12.1271416667, "decimalLongitude": -77.036111166699996, "eventDate": "2025-07-22", "taxonRank": null, "kingdom": "Plantae", "phylum": null, "class": null, "order": null, "family": null, "genus": null, "species": null, "recordedBy": "nhallancia", "coordinateUncertaintyInMeters": 80.0, "source": "iNaturalist", "district": "MIRAFLORES" }, "geometry": { "type": "Point", "coordinates": [ -77.036111166699996, -12.1271416667 ] } },
{ "type": "Feature", "properties": { "scientificName": "Sphagneticola trilobata", "decimalLatitude": -12.1271695, "decimalLongitude": -77.036438833299997, "eventDate": "2025-07-22", "taxonRank": null, "kingdom": "Plantae", "phylum": null, "class": null, "order": null, "family": null, "genus": null, "species": null, "recordedBy": "nhallancia", "coordinateUncertaintyInMeters": 26.0, "source": "iNaturalist", "district": "MIRAFLORES" }, "geometry": { "type": "Point", "coordinates": [ -77.036438833299997, -12.1271695 ] } },
{ "type": "Feature", "properties": { "scientificName": "Mesembryanthemum cordifolium", "decimalLatitude": -12.1212756997, "decimalLongitude": -77.043710899700002, "eventDate": "2025-07-20", "taxonRank": null, "kingdom": "Plantae", "phylum": null, "class": null, "order": null, "family": null, "genus": null, "species": null, "recordedBy": "ludwigia_badensis", "coordinateUncertaintyInMeters": null, "source": "iNaturalist", "district": "MIRAFLORES" }, "geometry": { "type": "Point", "coordinates": [ -77.043710899700002, -12.1212756997 ] } },
{ "type": "Feature", "properties": { "scientificName": "Ipomoea indica", "decimalLatitude": -12.1215144, "decimalLongitude": -77.044196299700005, "eventDate": "2025-07-20", "taxonRank": null, "kingdom": "Plantae", "phylum": null, "class": null, "order": null, "family": null, "genus": null, "species": null, "recordedBy": "ludwigia_badensis", "coordinateUncertaintyInMeters": null, "source": "iNaturalist", "district": "MIRAFLORES" }, "geometry": { "type": "Point", "coordinates": [ -77.044196299700005, -12.1215144 ] } },
{ "type": "Feature", "properties": { "scientificName": "Schinus terebinthifolia", "decimalLatitude": -12.12665918, "decimalLongitude": -77.03668556, "eventDate": "2025-07-16", "taxonRank": null, "kingdom": "Plantae", "phylum": null, "class": null, "order": null, "family": null, "genus": null, "species": null, "recordedBy": "kantrim", "coordinateUncertaintyInMeters": 4.0, "source": "iNaturalist", "district": "MIRAFLORES" }, "geometry": { "type": "Point", "coordinates": [ -77.03668556, -12.12665918 ] } },
{ "type": "Feature", "properties": { "scientificName": "Oxalis corniculata", "decimalLatitude": -12.124333333299999, "decimalLongitude": -77.032944444400002, "eventDate": "2025-05-07", "taxonRank": null, "kingdom": "Plantae", "phylum": null, "class": null, "order": null, "family": null, "genus": null, "species": null, "recordedBy": "martine_lapointe", "coordinateUncertaintyInMeters": null, "source": "iNaturalist", "district": "MIRAFLORES" }, "geometry": { "type": "Point", "coordinates": [ -77.032944444400002, -12.124333333299999 ] } },
{ "type": "Feature", "properties": { "scientificName": "Ipomoea indica", "decimalLatitude": -12.1212091446, "decimalLongitude": -77.044128418, "eventDate": "2025-06-18", "taxonRank": null, "kingdom": "Plantae", "phylum": null, "class": null, "order": null, "family": null, "genus": null, "species": null, "recordedBy": "yasline", "coordinateUncertaintyInMeters": 1154.0, "source": "iNaturalist", "district": "MIRAFLORES" }, "geometry": { "type": "Point", "coordinates": [ -77.044128418, -12.1212091446 ] } },
{ "type": "Feature", "properties": { "scientificName": "Melaleuca viminalis", "decimalLatitude": -12.1220321655, "decimalLongitude": -77.030990600600006, "eventDate": "2025-06-17", "taxonRank": null, "kingdom": "Plantae", "phylum": null, "class": null, "order": null, "family": null, "genus": null, "species": null, "recordedBy": "yasline", "coordinateUncertaintyInMeters": 23.0, "source": "iNaturalist", "district": "MIRAFLORES" }, "geometry": { "type": "Point", "coordinates": [ -77.030990600600006, -12.1220321655 ] } },
{ "type": "Feature", "properties": { "scientificName": "Duranta erecta", "decimalLatitude": -12.130065918, "decimalLongitude": -77.032989502000007, "eventDate": "2025-06-15", "taxonRank": null, "kingdom": "Plantae", "phylum": null, "class": null, "order": null, "family": null, "genus": null, "species": null, "recordedBy": "bsanchez1", "coordinateUncertaintyInMeters": 30.0, "source": "iNaturalist", "district": "MIRAFLORES" }, "geometry": { "type": "Point", "coordinates": [ -77.032989502, -12.130065918 ] } },
{ "type": "Feature", "properties": { "scientificName": "Sphagneticola trilobata", "decimalLatitude": -12.1301450729, "decimalLongitude": -77.033432006799998, "eventDate": "2025-06-15", "taxonRank": null, "kingdom": "Plantae", "phylum": null, "class": null, "order": null, "family": null, "genus": null, "species": null, "recordedBy": "bsanchez1", "coordinateUncertaintyInMeters": 66.0, "source": "iNaturalist", "district": "MIRAFLORES" }, "geometry": { "type": "Point", "coordinates": [ -77.033432006799998, -12.1301450729 ] } },
{ "type": "Feature", "properties": { "scientificName": "Sphagneticola trilobata", "decimalLatitude": -12.1347982818, "decimalLongitude": -77.028240839299997, "eventDate": "2025-06-15", "taxonRank": null, "kingdom": "Plantae", "phylum": null, "class": null, "order": null, "family": null, "genus": null, "species": null, "recordedBy": "mike_dalen", "coordinateUncertaintyInMeters": 13.0, "source": "iNaturalist", "district": "MIRAFLORES" }, "geometry": { "type": "Point", "coordinates": [ -77.028240839299997, -12.1347982818 ] } }
]
}
